,ID,First_name,Last_name,State,Gender,Age,GPA,Days_missed,Graduated,Age_mean,GPA_mean,Days_missed_mean
0,1,Wayne,Boyd,Florida,Male,19.0,,9.0,Yes,19.0,2.988446726572529,9.0
1,2,Ann,Matthews,Pennsylvania,Female,18.0,3.0,,Yes,18.0,3.0,18.011138613861387
2,3,George,Matthews,Texas,,17.0,,10.0,Yes,17.0,2.988446726572529,10.0
3,4,Jerry,Ramos,California,Male,15.0,2.0,28.0,No,15.0,2.0,28.0
4,5,Andrea,Carroll,North Carolina,Female,,2.0,29.0,No,16.996108949416342,2.0,29.0
5,6,Annie,Fisher,Virginia,Female,19.0,,5.0,Yes,19.0,2.988446726572529,5.0
6,7,Stephanie,Barnes,Oklahoma,Female,,3.0,20.0,No,16.996108949416342,3.0,20.0
7,8,Janet,Jenkins,Louisiana,Female,15.0,4.0,20.0,Yes,15.0,4.0,20.0
8,9,Betty,Miller,,,17.0,3.0,23.0,No,17.0,3.0,23.0
9,10,Henry,Woods,Colorado,Male,19.0,4.0,14.0,Yes,19.0,4.0,14.0
10,11,Stephanie,Harris,,Female,,,3.0,Yes,16.996108949416342,2.988446726572529,3.0
11,12,Samuel,George,Georgia,Male,15.0,3.0,13.0,No,15.0,3.0,13.0
12,13,Todd,Phillips,Indiana,,,2.0,3.0,Yes,16.996108949416342,2.0,3.0
13,14,Nicholas,Rice,Florida,Male,,2.0,8.0,No,16.996108949416342,2.0,8.0
14,15,Jacqueline,Wallace,New York,Female,,2.0,26.0,No,16.996108949416342,2.0,26.0
15,16,Phyllis,Burton,Texas,Female,16.0,3.0,18.0,No,16.0,3.0,18.0
16,17,Sandra,Hudson,,Female,,4.0,20.0,Yes,16.996108949416342,4.0,20.0
17,18,Karen,Bell,Mississippi,Female,17.0,3.0,10.0,No,17.0,3.0,10.0
18,19,Lori,Patterson,New York,Female,18.0,,17.0,Yes,18.0,2.988446726572529,17.0
19,20,Ann,Banks,Pennsylvania,Female,15.0,4.0,18.0,Yes,15.0,4.0,18.0
20,21,Sara,Williams,,Female,17.0,,24.0,Yes,17.0,2.988446726572529,24.0
21,22,Benjamin,Butler,Connecticut,Male,18.0,,4.0,Yes,18.0,2.988446726572529,4.0
22,23,Lori,Lopez,,Female,19.0,3.0,15.0,No,19.0,3.0,15.0
23,24,Ryan,Porter,New York,Male,15.0,2.0,10.0,No,15.0,2.0,10.0
24,25,Anthony,Burke,Texas,,16.0,2.0,14.0,No,16.0,2.0,14.0
25,26,Katherine,Rodriguez,Arizona,Female,16.0,4.0,3.0,Yes,16.0,4.0,3.0
26,27,Harry,Larson,,Male,18.0,3.0,15.0,No,18.0,3.0,15.0
27,28,Joyce,Patterson,Virginia,Female,18.0,4.0,22.0,Yes,18.0,4.0,22.0
28,29,Jonathan,Wells,Indiana,Male,19.0,,20.0,Yes,19.0,2.988446726572529,20.0
29,30,Jesse,Hamilton,New York,Male,19.0,2.0,27.0,No,19.0,2.0,27.0
30,31,Susan,Evans,South Dakota,Female,15.0,2.0,29.0,No,15.0,2.0,29.0
31,32,Kathleen,Lee,New Jersey,,17.0,3.0,13.0,No,17.0,3.0,13.0
32,33,Steven,Cooper,Arizona,Male,18.0,,20.0,Yes,18.0,2.988446726572529,20.0
33,34,Shawn,Fisher,Indiana,Male,,2.0,17.0,No,16.996108949416342,2.0,17.0
34,35,Arthur,Campbell,Texas,Male,,,32.0,Yes,16.996108949416342,2.988446726572529,32.0
35,36,Harold,Flores,New Mexico,Male,19.0,,,Yes,19.0,2.988446726572529,18.011138613861387
36,37,Bonnie,Parker,California,Female,19.0,2.0,29.0,No,19.0,2.0,29.0
37,38,Doris,Holmes,California,Female,15.0,4.0,20.0,Yes,15.0,4.0,20.0
38,39,Anna,Bradley,Virginia,Female,19.0,4.0,,Yes,19.0,4.0,18.011138613861387
39,40,Ruth,Lopez,Ohio,,16.0,4.0,,Yes,16.0,4.0,18.011138613861387
40,41,Wanda,Richards,Texas,Female,16.0,,7.0,Yes,16.0,2.988446726572529,7.0
41,42,Jimmy,Kelly,Louisiana,Male,,,10.0,Yes,16.996108949416342,2.988446726572529,10.0
42,43,Marilyn,Marshall,New York,Female,,,,Yes,16.996108949416342,2.988446726572529,18.011138613861387
43,44,Donna,Jackson,Ohio,Female,19.0,4.0,18.0,Yes,19.0,4.0,18.0
44,45,Judy,Boyd,Louisiana,Female,18.0,,33.0,Yes,18.0,2.988446726572529,33.0
45,46,Irene,Johnson,Utah,Female,18.0,2.0,9.0,No,18.0,2.0,9.0
46,47,Frank,Ortiz,Florida,,16.0,,8.0,Yes,16.0,2.988446726572529,8.0
47,48,Mark,Wheeler,California,,16.0,2.0,13.0,No,16.0,2.0,13.0
48,49,Aaron,Reed,Washington,,,2.0,21.0,No,16.996108949416342,2.0,21.0
49,50,Christina,Little,Ohio,Female,15.0,,21.0,Yes,15.0,2.988446726572529,21.0
50,51,Diana,Ross,Texas,Female,,2.0,,Yes,16.996108949416342,2.0,18.011138613861387
51,52,William,Cooper,New York,Male,18.0,2.0,,Yes,18.0,2.0,18.011138613861387
52,53,Joseph,Nichols,Virginia,Male,19.0,3.0,34.0,No,19.0,3.0,34.0
53,54,Stephen,Bailey,Connecticut,,19.0,4.0,16.0,Yes,19.0,4.0,16.0
54,55,Harold,Powell,Tennessee,Male,,,31.0,Yes,16.996108949416342,2.988446726572529,31.0
55,56,Kathleen,Cole,Texas,Female,16.0,3.0,5.0,No,16.0,3.0,5.0
56,57,Marilyn,Simmons,South Carolina,Female,18.0,4.0,33.0,Yes,18.0,4.0,33.0
57,58,Susan,Roberts,Pennsylvania,Female,17.0,3.0,,Yes,17.0,3.0,18.011138613861387
58,59,Samuel,Elliott,Connecticut,Male,15.0,2.0,9.0,No,15.0,2.0,9.0
59,60,Irene,Collins,District of Columbia,Female,,3.0,9.0,No,16.996108949416342,3.0,9.0
60,61,Joshua,Lewis,Missouri,Male,18.0,,15.0,Yes,18.0,2.988446726572529,15.0
61,62,Raymond,Hudson,Nebraska,Male,15.0,4.0,7.0,Yes,15.0,4.0,7.0
62,63,Philip,Gomez,Florida,Male,18.0,2.0,7.0,No,18.0,2.0,7.0
63,64,Christopher,Wood,Arizona,Male,,3.0,32.0,No,16.996108949416342,3.0,32.0
64,65,Sarah,Garcia,Florida,Female,19.0,2.0,6.0,No,19.0,2.0,6.0
65,66,Antonio,Palmer,Missouri,Male,,2.0,12.0,No,16.996108949416342,2.0,12.0
66,67,Ralph,Jacobs,Florida,Male,18.0,2.0,14.0,No,18.0,2.0,14.0
67,68,Patrick,Washington,Virginia,,,,4.0,Yes,16.996108949416342,2.988446726572529,4.0
68,69,Henry,Howell,California,Male,,3.0,14.0,No,16.996108949416342,3.0,14.0
69,70,Lois,Chavez,Minnesota,,17.0,4.0,19.0,Yes,17.0,4.0,19.0
70,71,Melissa,Dunn,Massachusetts,Female,17.0,3.0,,Yes,17.0,3.0,18.011138613861387
71,72,Eric,Roberts,California,Male,18.0,,32.0,Yes,18.0,2.988446726572529,32.0
72,73,Timothy,Smith,California,Male,15.0,4.0,20.0,Yes,15.0,4.0,20.0
73,74,Kelly,Wheeler,New York,Female,16.0,3.0,25.0,No,16.0,3.0,25.0
74,75,Earl,Watson,Texas,Male,,,6.0,Yes,16.996108949416342,2.988446726572529,6.0
75,76,Fred,Owens,Texas,Male,,4.0,,Yes,16.996108949416342,4.0,18.011138613861387
76,77,Emily,Frazier,California,,16.0,3.0,3.0,Yes,16.0,3.0,3.0
77,78,James,Fowler,District of Columbia,Male,17.0,3.0,15.0,No,17.0,3.0,15.0
78,79,Johnny,Myers,Georgia,Male,,,16.0,Yes,16.996108949416342,2.988446726572529,16.0
79,80,Melissa,Harper,Kansas,,17.0,3.0,27.0,No,17.0,3.0,27.0
80,81,Joan,Reyes,California,Female,19.0,3.0,4.0,No,19.0,3.0,4.0
81,82,Keith,Sanchez,New York,Male,15.0,2.0,,Yes,15.0,2.0,18.011138613861387
82,83,Craig,Tucker,Indiana,Male,19.0,2.0,33.0,No,19.0,2.0,33.0
83,84,Judith,Nguyen,Missouri,Female,,4.0,13.0,Yes,16.996108949416342,4.0,13.0
84,85,Kenneth,Ramirez,,Male,19.0,,18.0,Yes,19.0,2.988446726572529,18.0
85,86,Margaret,Scott,North Carolina,Female,15.0,,19.0,Yes,15.0,2.988446726572529,19.0
86,87,Martha,Moreno,Kentucky,Female,19.0,2.0,,Yes,19.0,2.0,18.011138613861387
87,88,Sandra,Nguyen,,Female,,3.0,7.0,No,16.996108949416342,3.0,7.0
88,89,Albert,Willis,Utah,Male,18.0,,13.0,Yes,18.0,2.988446726572529,13.0
89,90,Shirley,Wheeler,Ohio,Female,,3.0,11.0,No,16.996108949416342,3.0,11.0
90,91,Heather,Olson,Texas,Female,,2.0,19.0,No,16.996108949416342,2.0,19.0
91,92,Lois,Hanson,Washington,Female,19.0,4.0,31.0,Yes,19.0,4.0,31.0
92,93,Diane,Stanley,Ohio,Female,16.0,,20.0,Yes,16.0,2.988446726572529,20.0
93,94,Jack,Williamson,Florida,,16.0,4.0,31.0,Yes,16.0,4.0,31.0
94,95,Earl,Walker,Louisiana,Male,15.0,3.0,31.0,No,15.0,3.0,31.0
95,96,Justin,Gardner,Nebraska,Male,,,29.0,Yes,16.996108949416342,2.988446726572529,29.0
96,97,Edward,Hughes,California,Male,18.0,2.0,,Yes,18.0,2.0,18.011138613861387
97,98,Lisa,Harper,Florida,Female,15.0,,23.0,Yes,15.0,2.988446726572529,23.0
98,99,Amy,Alexander,,Female,19.0,3.0,13.0,No,19.0,3.0,13.0
99,100,Emily,Bradley,,Female,17.0,,5.0,Yes,17.0,2.988446726572529,5.0
100,101,Diana,Evans,Texas,,,3.0,,Yes,16.996108949416342,3.0,18.011138613861387
101,102,Juan,Romero,Texas,,16.0,3.0,15.0,No,16.0,3.0,15.0
102,103,Debra,Woods,,Female,19.0,4.0,13.0,Yes,19.0,4.0,13.0
103,104,Donna,Cooper,Florida,Female,15.0,,,Yes,15.0,2.988446726572529,18.011138613861387
104,105,Jason,Wright,Virginia,Male,17.0,4.0,23.0,Yes,17.0,4.0,23.0
105,106,Mary,Sanchez,Michigan,Female,16.0,2.0,21.0,No,16.0,2.0,21.0
106,107,Steven,Welch,New York,Male,16.0,3.0,17.0,No,16.0,3.0,17.0
107,108,Debra,Larson,Virginia,Female,17.0,4.0,,Yes,17.0,4.0,18.011138613861387
108,109,Carlos,Gibson,Connecticut,Male,15.0,4.0,28.0,Yes,15.0,4.0,28.0
109,110,Janet,Johnson,Virginia,Female,17.0,,16.0,Yes,17.0,2.988446726572529,16.0
110,111,Kathryn,Welch,Colorado,Female,15.0,4.0,,Yes,15.0,4.0,18.011138613861387
111,112,Kathleen,Dixon,New York,Female,,2.0,6.0,No,16.996108949416342,2.0,6.0
112,113,Harold,Rivera,,Male,18.0,2.0,10.0,No,18.0,2.0,10.0
113,114,Nancy,Olson,Illinois,Female,15.0,,,Yes,15.0,2.988446726572529,18.011138613861387
114,115,Daniel,Jacobs,Missouri,Male,15.0,4.0,26.0,Yes,15.0,4.0,26.0
115,116,Eugene,Ferguson,Connecticut,Male,16.0,3.0,15.0,No,16.0,3.0,15.0
116,117,Johnny,Webb,South Carolina,Male,18.0,3.0,16.0,No,18.0,3.0,16.0
117,118,Lillian,Frazier,Nebraska,Female,15.0,4.0,21.0,Yes,15.0,4.0,21.0
118,119,Stephanie,Gomez,,Female,,3.0,31.0,No,16.996108949416342,3.0,31.0
119,120,Linda,Wagner,New York,Female,16.0,3.0,29.0,No,16.0,3.0,29.0
120,121,Carlos,Oliver,Florida,Male,16.0,2.0,33.0,No,16.0,2.0,33.0
121,122,Jose,Diaz,,Male,15.0,2.0,12.0,No,15.0,2.0,12.0
122,123,William,Sanchez,,,15.0,3.0,28.0,No,15.0,3.0,28.0
123,124,Eugene,Harper,Louisiana,Male,19.0,4.0,14.0,Yes,19.0,4.0,14.0
124,125,Louis,Lewis,Utah,Male,15.0,4.0,17.0,Yes,15.0,4.0,17.0
125,126,Janice,Watson,,Female,18.0,3.0,,Yes,18.0,3.0,18.011138613861387
126,127,Shawn,Grant,Florida,Male,15.0,,21.0,Yes,15.0,2.988446726572529,21.0
127,128,Margaret,Johnston,Texas,Female,19.0,2.0,2.0,Yes,19.0,2.0,2.0
128,129,Laura,Ford,Texas,Female,,3.0,18.0,No,16.996108949416342,3.0,18.0
129,130,Lillian,Perez,Colorado,Female,,4.0,19.0,Yes,16.996108949416342,4.0,19.0
130,131,Jose,Morgan,Pennsylvania,Male,19.0,2.0,8.0,No,19.0,2.0,8.0
131,132,Andrew,Meyer,,,17.0,2.0,,Yes,17.0,2.0,18.011138613861387
132,133,Joshua,Lynch,Connecticut,Male,18.0,,7.0,Yes,18.0,2.988446726572529,7.0
133,134,Sean,Sanders,New York,Male,16.0,2.0,8.0,No,16.0,2.0,8.0
134,135,Bruce,Williamson,Minnesota,,17.0,,,Yes,17.0,2.988446726572529,18.011138613861387
135,136,Harry,Reid,Mississippi,Male,,3.0,30.0,No,16.996108949416342,3.0,30.0
136,137,Beverly,Wallace,Colorado,Female,19.0,3.0,9.0,No,19.0,3.0,9.0
137,138,Elizabeth,Ryan,Washington,Female,15.0,,3.0,Yes,15.0,2.988446726572529,3.0
138,139,James,Russell,Florida,,19.0,2.0,29.0,No,19.0,2.0,29.0
139,140,Judith,Warren,,Female,17.0,3.0,31.0,No,17.0,3.0,31.0
140,141,Jesse,Woods,,Male,16.0,4.0,6.0,Yes,16.0,4.0,6.0
141,142,Lori,Alvarez,Tennessee,Female,15.0,4.0,25.0,Yes,15.0,4.0,25.0
142,143,Sara,Collins,Minnesota,Female,18.0,3.0,3.0,Yes,18.0,3.0,3.0
143,144,Nicholas,Graham,Georgia,Male,18.0,4.0,,Yes,18.0,4.0,18.011138613861387
144,145,Sara,Armstrong,Georgia,Female,16.0,,7.0,Yes,16.0,2.988446726572529,7.0
145,146,Ernest,Harper,Alaska,Male,15.0,4.0,32.0,Yes,15.0,4.0,32.0
146,147,Willie,Fisher,Ohio,Male,18.0,,7.0,Yes,18.0,2.988446726572529,7.0
147,148,Alan,Daniels,Minnesota,Male,17.0,3.0,7.0,No,17.0,3.0,7.0
148,149,Jason,Moreno,Virginia,Male,,4.0,16.0,Yes,16.996108949416342,4.0,16.0
149,150,Rose,Brooks,District of Columbia,Female,15.0,4.0,,Yes,15.0,4.0,18.011138613861387
150,151,Shawn,Green,,Male,18.0,,10.0,Yes,18.0,2.988446726572529,10.0
151,152,Fred,Henderson,Nevada,Male,19.0,3.0,20.0,No,19.0,3.0,20.0
152,153,Evelyn,Watson,New Jersey,,18.0,4.0,12.0,Yes,18.0,4.0,12.0
153,154,Wanda,Hawkins,Minnesota,Female,16.0,,30.0,Yes,16.0,2.988446726572529,30.0
154,155,Clarence,Baker,New York,Male,19.0,2.0,,Yes,19.0,2.0,18.011138613861387
155,156,Juan,Bradley,Kentucky,,19.0,2.0,14.0,No,19.0,2.0,14.0
156,157,Anne,Stone,New York,,17.0,2.0,15.0,No,17.0,2.0,15.0
157,158,Raymond,Davis,New Mexico,Male,,,30.0,Yes,16.996108949416342,2.988446726572529,30.0
158,159,Sharon,Fuller,Texas,Female,17.0,2.0,,Yes,17.0,2.0,18.011138613861387
159,160,Raymond,James,Florida,,15.0,3.0,28.0,No,15.0,3.0,28.0
160,161,Evelyn,Berry,,,18.0,2.0,25.0,No,18.0,2.0,25.0
161,162,Brandon,Bryant,Delaware,,,,33.0,Yes,16.996108949416342,2.988446726572529,33.0
162,163,Maria,Medina,Missouri,,15.0,3.0,32.0,No,15.0,3.0,32.0
163,164,Pamela,Phillips,Washington,Female,17.0,3.0,23.0,No,17.0,3.0,23.0
164,165,Eugene,Weaver,Washington,Male,19.0,2.0,30.0,No,19.0,2.0,30.0
165,166,Janet,Martin,Kansas,Female,17.0,3.0,2.0,Yes,17.0,3.0,2.0
166,167,Angela,Marshall,Tennessee,,18.0,3.0,23.0,No,18.0,3.0,23.0
167,168,Tina,Lopez,Nevada,Female,,3.0,,Yes,16.996108949416342,3.0,18.011138613861387
168,169,Matthew,Cox,District of Columbia,Male,19.0,2.0,5.0,No,19.0,2.0,5.0
169,170,Louise,Morales,Alaska,Female,15.0,2.0,,Yes,15.0,2.0,18.011138613861387
170,171,Annie,Oliver,District of Columbia,Female,18.0,,11.0,Yes,18.0,2.988446726572529,11.0
171,172,Gregory,Diaz,Michigan,Male,19.0,2.0,22.0,No,19.0,2.0,22.0
172,173,Carolyn,Matthews,Connecticut,Female,16.0,2.0,9.0,No,16.0,2.0,9.0
173,174,Marilyn,Martinez,Florida,,17.0,3.0,23.0,No,17.0,3.0,23.0
174,175,Carolyn,Daniels,Louisiana,Female,18.0,2.0,33.0,No,18.0,2.0,33.0
175,176,Larry,Ross,Tennessee,Male,17.0,4.0,,Yes,17.0,4.0,18.011138613861387
176,177,Brandon,Carpenter,Florida,,15.0,,18.0,Yes,15.0,2.988446726572529,18.0
177,178,Andrea,Fox,Texas,Female,,,11.0,Yes,16.996108949416342,2.988446726572529,11.0
178,179,Victor,Ferguson,California,Male,18.0,4.0,,Yes,18.0,4.0,18.011138613861387
179,180,Katherine,Alexander,Florida,Female,,3.0,28.0,No,16.996108949416342,3.0,28.0
180,181,John,Bailey,Virginia,,17.0,,31.0,Yes,17.0,2.988446726572529,31.0
181,182,Eric,Hill,Georgia,Male,15.0,4.0,,Yes,15.0,4.0,18.011138613861387
182,183,Randy,Jacobs,Florida,Male,18.0,3.0,34.0,No,18.0,3.0,34.0
183,184,Patricia,Welch,Nevada,,,3.0,,Yes,16.996108949416342,3.0,18.011138613861387
184,185,Tammy,Flores,,Female,,3.0,23.0,No,16.996108949416342,3.0,23.0
185,186,Mark,Meyer,South Carolina,Male,,3.0,8.0,No,16.996108949416342,3.0,8.0
186,187,Brian,Snyder,,Male,18.0,2.0,22.0,No,18.0,2.0,22.0
187,188,Walter,Brown,District of Columbia,Male,15.0,2.0,,Yes,15.0,2.0,18.011138613861387
188,189,Patrick,Daniels,Colorado,Male,19.0,3.0,4.0,No,19.0,3.0,4.0
189,190,Diane,Collins,Louisiana,Female,17.0,4.0,25.0,Yes,17.0,4.0,25.0
190,191,Irene,Warren,Kansas,Female,17.0,3.0,,Yes,17.0,3.0,18.011138613861387
191,192,Janet,Gibson,Tennessee,Female,19.0,4.0,,Yes,19.0,4.0,18.011138613861387
192,193,Eugene,Porter,Kentucky,Male,18.0,3.0,23.0,No,18.0,3.0,23.0
193,194,Amy,Sullivan,Missouri,Female,19.0,3.0,,Yes,19.0,3.0,18.011138613861387
194,195,George,Rogers,Michigan,Male,19.0,3.0,15.0,No,19.0,3.0,15.0
195,196,Cheryl,Simmons,Virginia,Female,,4.0,17.0,Yes,16.996108949416342,4.0,17.0
196,197,Maria,Torres,,Female,15.0,4.0,6.0,Yes,15.0,4.0,6.0
197,198,Jonathan,Lewis,District of Columbia,Male,15.0,2.0,,Yes,15.0,2.0,18.011138613861387
198,199,Jeremy,Dixon,Virginia,Male,15.0,,34.0,Yes,15.0,2.988446726572529,34.0
199,200,Raymond,Campbell,Texas,Male,19.0,3.0,24.0,No,19.0,3.0,24.0
200,201,Heather,Foster,,Female,15.0,4.0,24.0,Yes,15.0,4.0,24.0
201,202,Gary,Reid,Pennsylvania,Male,16.0,,14.0,Yes,16.0,2.988446726572529,14.0
202,203,Peter,Mitchell,District of Columbia,Male,19.0,3.0,15.0,No,19.0,3.0,15.0
203,204,Jean,Mendoza,Alabama,Female,15.0,4.0,6.0,Yes,15.0,4.0,6.0
204,205,Diane,Rice,Texas,Female,15.0,3.0,28.0,No,15.0,3.0,28.0
205,206,Shawn,Hansen,Kansas,Male,16.0,3.0,28.0,No,16.0,3.0,28.0
206,207,Kathryn,Harris,Texas,Female,16.0,4.0,18.0,Yes,16.0,4.0,18.0
207,208,Jesse,Little,Georgia,Male,16.0,,5.0,Yes,16.0,2.988446726572529,5.0
208,209,Joan,Ward,Ohio,Female,19.0,2.0,,Yes,19.0,2.0,18.011138613861387
209,210,Frances,Arnold,District of Columbia,Female,17.0,,,Yes,17.0,2.988446726572529,18.011138613861387
210,211,Maria,Bowman,Virginia,Female,19.0,4.0,,Yes,19.0,4.0,18.011138613861387
211,212,Robin,Perry,California,Female,15.0,4.0,2.0,Yes,15.0,4.0,2.0
212,213,Mary,Oliver,,,18.0,,16.0,Yes,18.0,2.988446726572529,16.0
213,214,Catherine,Graham,,Female,,2.0,6.0,No,16.996108949416342,2.0,6.0
214,215,Bonnie,Harris,Florida,Female,,,8.0,Yes,16.996108949416342,2.988446726572529,8.0
215,216,Jeremy,Wood,Nevada,Male,,2.0,5.0,No,16.996108949416342,2.0,5.0
216,217,Joan,Hamilton,Arizona,Female,15.0,,,Yes,15.0,2.988446726572529,18.011138613861387
217,218,Terry,Rogers,Alabama,Male,17.0,4.0,10.0,Yes,17.0,4.0,10.0
218,219,Kenneth,Chapman,Illinois,Male,16.0,3.0,24.0,No,16.0,3.0,24.0
219,220,Anne,Diaz,Texas,Female,16.0,2.0,33.0,No,16.0,2.0,33.0
220,221,Carol,Welch,Texas,,19.0,3.0,33.0,No,19.0,3.0,33.0
221,222,Paula,Clark,Minnesota,Female,19.0,2.0,33.0,No,19.0,2.0,33.0
222,223,Gary,Nichols,Florida,Male,17.0,,28.0,Yes,17.0,2.988446726572529,28.0
223,224,Jose,Snyder,,Male,18.0,2.0,17.0,No,18.0,2.0,17.0
224,225,Catherine,Barnes,Pennsylvania,Female,,,,Yes,16.996108949416342,2.988446726572529,18.011138613861387
225,226,Jack,Henry,Texas,Male,19.0,2.0,12.0,No,19.0,2.0,12.0
226,227,Terry,Thomas,Montana,Male,18.0,4.0,14.0,Yes,18.0,4.0,14.0
227,228,Melissa,Patterson,New York,Female,,4.0,17.0,Yes,16.996108949416342,4.0,17.0
228,229,Nancy,Bailey,Colorado,Female,15.0,2.0,31.0,No,15.0,2.0,31.0
229,230,Lisa,Knight,Louisiana,Female,,4.0,3.0,Yes,16.996108949416342,4.0,3.0
230,231,Jesse,Medina,Washington,Male,17.0,2.0,28.0,No,17.0,2.0,28.0
231,232,Harry,Holmes,South Carolina,Male,18.0,,13.0,Yes,18.0,2.988446726572529,13.0
232,233,Alan,Gonzales,Georgia,Male,,4.0,4.0,Yes,16.996108949416342,4.0,4.0
233,234,Jerry,Webb,California,Male,18.0,2.0,10.0,No,18.0,2.0,10.0
234,235,Juan,Ross,Florida,Male,19.0,2.0,,Yes,19.0,2.0,18.011138613861387
235,236,Amy,Gomez,New York,Female,19.0,,12.0,Yes,19.0,2.988446726572529,12.0
236,237,Patrick,Willis,Illinois,Male,17.0,,30.0,Yes,17.0,2.988446726572529,30.0
237,238,Carlos,Wallace,South Carolina,Male,,,33.0,Yes,16.996108949416342,2.988446726572529,33.0
238,239,Brenda,Marshall,Idaho,Female,,3.0,4.0,No,16.996108949416342,3.0,4.0
239,240,Gloria,Brooks,Texas,,16.0,4.0,34.0,Yes,16.0,4.0,34.0
240,241,Christopher,Morgan,Texas,Male,15.0,3.0,34.0,No,15.0,3.0,34.0
241,242,Angela,Wagner,Texas,Female,16.0,2.0,11.0,No,16.0,2.0,11.0
242,243,Andrew,Lopez,Connecticut,Male,,,,Yes,16.996108949416342,2.988446726572529,18.011138613861387
243,244,Matthew,Greene,Nevada,Male,,2.0,5.0,No,16.996108949416342,2.0,5.0
244,245,Earl,Lawson,Massachusetts,Male,15.0,3.0,26.0,No,15.0,3.0,26.0
245,246,William,Matthews,,,15.0,2.0,20.0,No,15.0,2.0,20.0
246,247,Victor,Palmer,Idaho,,15.0,3.0,,Yes,15.0,3.0,18.011138613861387
247,248,Phillip,Gonzalez,District of Columbia,Male,15.0,,,Yes,15.0,2.988446726572529,18.011138613861387
248,249,Diana,Jacobs,Florida,Female,18.0,2.0,24.0,No,18.0,2.0,24.0
249,250,Jerry,Sanders,Georgia,Male,19.0,3.0,6.0,No,19.0,3.0,6.0
250,251,Lisa,Owens,West Virginia,Female,16.0,3.0,17.0,No,16.0,3.0,17.0
251,252,Philip,Stone,California,Male,,4.0,,Yes,16.996108949416342,4.0,18.011138613861387
252,253,Frank,Vasquez,California,Male,15.0,4.0,,Yes,15.0,4.0,18.011138613861387
253,254,Eugene,Scott,Florida,Male,,2.0,17.0,No,16.996108949416342,2.0,17.0
254,255,Kathy,Lopez,Florida,Female,18.0,3.0,24.0,No,18.0,3.0,24.0
255,256,Justin,Wheeler,California,Male,15.0,4.0,23.0,Yes,15.0,4.0,23.0
256,257,Tina,Schmidt,North Carolina,Female,15.0,3.0,12.0,No,15.0,3.0,12.0
257,258,Ronald,Thomas,Florida,Male,15.0,2.0,20.0,No,15.0,2.0,20.0
258,259,Michelle,Bradley,District of Columbia,Female,16.0,,32.0,Yes,16.0,2.988446726572529,32.0
259,260,Andrea,Warren,Florida,Female,18.0,,33.0,Yes,18.0,2.988446726572529,33.0
260,261,Richard,Romero,Michigan,Male,,2.0,28.0,No,16.996108949416342,2.0,28.0
261,262,Amanda,Reyes,Texas,,17.0,4.0,33.0,Yes,17.0,4.0,33.0
262,263,Richard,Collins,Kentucky,Male,18.0,2.0,,Yes,18.0,2.0,18.011138613861387
263,264,Kenneth,Olson,Illinois,Male,19.0,,,Yes,19.0,2.988446726572529,18.011138613861387
264,265,Adam,Perry,Georgia,Male,,2.0,34.0,No,16.996108949416342,2.0,34.0
265,266,Carl,Montgomery,,Male,,4.0,29.0,Yes,16.996108949416342,4.0,29.0
266,267,Harold,Powell,Texas,Male,15.0,2.0,12.0,No,15.0,2.0,12.0
267,268,Donald,Little,Kentucky,,16.0,2.0,33.0,No,16.0,2.0,33.0
268,269,Amy,Schmidt,California,Female,16.0,,3.0,Yes,16.0,2.988446726572529,3.0
269,270,Patricia,Hawkins,California,,16.0,,,Yes,16.0,2.988446726572529,18.011138613861387
270,271,Raymond,Hill,District of Columbia,Male,,3.0,29.0,No,16.996108949416342,3.0,29.0
271,272,Laura,Watson,Louisiana,Female,19.0,,13.0,Yes,19.0,2.988446726572529,13.0
272,273,Nicholas,Morgan,Minnesota,Male,18.0,,,Yes,18.0,2.988446726572529,18.011138613861387
273,274,Anthony,Franklin,Illinois,Male,,2.0,9.0,No,16.996108949416342,2.0,9.0
274,275,Raymond,Shaw,Oregon,Male,19.0,2.0,,Yes,19.0,2.0,18.011138613861387
275,276,Denise,Garza,North Carolina,Female,15.0,,30.0,Yes,15.0,2.988446726572529,30.0
276,277,Bobby,Butler,District of Columbia,Male,,,14.0,Yes,16.996108949416342,2.988446726572529,14.0
277,278,Dennis,Baker,Ohio,Male,,,3.0,Yes,16.996108949416342,2.988446726572529,3.0
278,279,Brenda,Butler,Virginia,Female,16.0,3.0,9.0,No,16.0,3.0,9.0
279,280,Melissa,Morales,District of Columbia,,19.0,,30.0,Yes,19.0,2.988446726572529,30.0
280,281,Amy,Franklin,Florida,,18.0,3.0,32.0,No,18.0,3.0,32.0
281,282,Juan,Hunt,California,Male,18.0,,8.0,Yes,18.0,2.988446726572529,8.0
282,283,Brian,Gibson,California,Male,19.0,4.0,17.0,Yes,19.0,4.0,17.0
283,284,Kathy,Duncan,Florida,Female,15.0,3.0,22.0,No,15.0,3.0,22.0
284,285,Steve,Montgomery,Texas,,15.0,3.0,27.0,No,15.0,3.0,27.0
285,286,Amy,King,Indiana,Female,15.0,3.0,18.0,No,15.0,3.0,18.0
286,287,Christine,Freeman,Georgia,Female,,3.0,17.0,No,16.996108949416342,3.0,17.0
287,288,Sean,Stephens,California,,18.0,2.0,8.0,No,18.0,2.0,8.0
288,289,Pamela,Hill,,Female,,2.0,25.0,No,16.996108949416342,2.0,25.0
289,290,Patrick,Gonzalez,Arizona,Male,,2.0,31.0,No,16.996108949416342,2.0,31.0
290,291,Matthew,Sullivan,Texas,Male,16.0,2.0,,Yes,16.0,2.0,18.011138613861387
291,292,Joseph,Kelley,,,,3.0,,Yes,16.996108949416342,3.0,18.011138613861387
292,293,Anthony,Roberts,Colorado,Male,17.0,2.0,,Yes,17.0,2.0,18.011138613861387
293,294,Andrew,Marshall,Louisiana,Male,17.0,4.0,32.0,Yes,17.0,4.0,32.0
294,295,Pamela,Armstrong,Washington,,17.0,3.0,11.0,No,17.0,3.0,11.0
295,296,Julia,Carr,Texas,Female,17.0,4.0,,Yes,17.0,4.0,18.011138613861387
296,297,Ernest,Day,Florida,,15.0,3.0,17.0,No,15.0,3.0,17.0
297,298,Marie,Ford,Florida,Female,,3.0,,Yes,16.996108949416342,3.0,18.011138613861387
298,299,Clarence,Medina,District of Columbia,Male,18.0,4.0,,Yes,18.0,4.0,18.011138613861387
299,300,Maria,King,California,Female,,2.0,8.0,No,16.996108949416342,2.0,8.0
300,301,Evelyn,Robertson,Florida,Female,15.0,,2.0,Yes,15.0,2.988446726572529,2.0
301,302,Mark,Frazier,Kentucky,Male,,2.0,3.0,Yes,16.996108949416342,2.0,3.0
302,303,Lillian,Knight,Colorado,Female,15.0,3.0,27.0,No,15.0,3.0,27.0
303,304,George,Arnold,Florida,Male,17.0,3.0,32.0,No,17.0,3.0,32.0
304,305,Frances,Parker,Indiana,Female,,3.0,34.0,No,16.996108949416342,3.0,34.0
305,306,David,Thompson,Texas,Male,17.0,4.0,4.0,Yes,17.0,4.0,4.0
306,307,Wayne,Diaz,Virginia,,17.0,4.0,7.0,Yes,17.0,4.0,7.0
307,308,Lawrence,Bradley,West Virginia,,19.0,4.0,25.0,Yes,19.0,4.0,25.0
308,309,Patricia,Hayes,Florida,Female,19.0,2.0,25.0,No,19.0,2.0,25.0
309,310,Helen,Jordan,South Carolina,Female,18.0,3.0,,Yes,18.0,3.0,18.011138613861387
310,311,Stephanie,Moreno,Louisiana,Female,19.0,4.0,,Yes,19.0,4.0,18.011138613861387
311,312,Emily,Edwards,New York,Female,,2.0,13.0,No,16.996108949416342,2.0,13.0
312,313,Virginia,Howard,New York,,19.0,3.0,15.0,No,19.0,3.0,15.0
313,314,Anthony,Hart,Indiana,Male,18.0,4.0,,Yes,18.0,4.0,18.011138613861387
314,315,Jacqueline,Gomez,,,16.0,,33.0,Yes,16.0,2.988446726572529,33.0
315,316,Gloria,Hunter,California,,,2.0,3.0,Yes,16.996108949416342,2.0,3.0
316,317,Timothy,Gardner,,Male,18.0,4.0,18.0,Yes,18.0,4.0,18.0
317,318,Gregory,Hunt,California,Male,,4.0,10.0,Yes,16.996108949416342,4.0,10.0
318,319,Cynthia,Brown,Arizona,Female,,,30.0,Yes,16.996108949416342,2.988446726572529,30.0
319,320,Nicholas,Campbell,North Carolina,Male,16.0,4.0,,Yes,16.0,4.0,18.011138613861387
320,321,Steve,Garcia,Vermont,Male,17.0,3.0,,Yes,17.0,3.0,18.011138613861387
321,322,Catherine,Hanson,Virginia,,18.0,4.0,29.0,Yes,18.0,4.0,29.0
322,323,Jennifer,Gonzales,New York,Female,17.0,3.0,23.0,No,17.0,3.0,23.0
323,324,Judy,Reyes,New York,Female,16.0,3.0,29.0,No,16.0,3.0,29.0
324,325,Scott,Stone,Minnesota,Male,16.0,3.0,5.0,No,16.0,3.0,5.0
325,326,Ryan,Reed,Texas,Male,18.0,2.0,8.0,No,18.0,2.0,8.0
326,327,Randy,Mason,Virginia,Male,,4.0,31.0,Yes,16.996108949416342,4.0,31.0
327,328,Victor,Day,North Carolina,,16.0,,4.0,Yes,16.0,2.988446726572529,4.0
328,329,Karen,Vasquez,Delaware,Female,15.0,4.0,23.0,Yes,15.0,4.0,23.0
329,330,Gary,Medina,Michigan,,15.0,3.0,,Yes,15.0,3.0,18.011138613861387
330,331,Donna,Torres,New York,Female,17.0,,,Yes,17.0,2.988446726572529,18.011138613861387
331,332,Doris,Scott,,,15.0,3.0,34.0,No,15.0,3.0,34.0
332,333,Donna,Hunter,,Female,,3.0,32.0,No,16.996108949416342,3.0,32.0
333,334,Linda,Harvey,Alabama,Female,,2.0,16.0,No,16.996108949416342,2.0,16.0
334,335,Patricia,Chapman,Ohio,,,2.0,23.0,No,16.996108949416342,2.0,23.0
335,336,Kimberly,Reynolds,Georgia,Female,15.0,4.0,14.0,Yes,15.0,4.0,14.0
336,337,Annie,Morgan,Texas,Female,16.0,2.0,,Yes,16.0,2.0,18.011138613861387
337,338,Jerry,Hanson,,Male,15.0,4.0,9.0,Yes,15.0,4.0,9.0
338,339,Jeffrey,Peterson,New Mexico,,19.0,2.0,5.0,No,19.0,2.0,5.0
339,340,Anthony,Daniels,Tennessee,Male,16.0,2.0,8.0,No,16.0,2.0,8.0
340,341,Anna,Day,Oklahoma,Female,18.0,2.0,31.0,No,18.0,2.0,31.0
341,342,Debra,Arnold,Florida,Female,17.0,,25.0,Yes,17.0,2.988446726572529,25.0
342,343,Judith,Cunningham,California,Female,15.0,4.0,25.0,Yes,15.0,4.0,25.0
343,344,Deborah,Reynolds,Virginia,,18.0,4.0,22.0,Yes,18.0,4.0,22.0
344,345,Theresa,Garza,,Female,15.0,,,Yes,15.0,2.988446726572529,18.011138613861387
345,346,Angela,Sanchez,Nevada,Female,19.0,4.0,27.0,Yes,19.0,4.0,27.0
346,347,Timothy,George,Wisconsin,Male,,3.0,19.0,No,16.996108949416342,3.0,19.0
347,348,Angela,Jordan,North Carolina,Female,15.0,,23.0,Yes,15.0,2.988446726572529,23.0
348,349,Paula,Hunter,,Female,,4.0,5.0,Yes,16.996108949416342,4.0,5.0
349,350,Harold,Evans,Colorado,Male,,2.0,34.0,No,16.996108949416342,2.0,34.0
350,351,Sara,Burke,Kentucky,Female,19.0,3.0,27.0,No,19.0,3.0,27.0
351,352,Nancy,Bryant,New York,,18.0,4.0,19.0,Yes,18.0,4.0,19.0
352,353,Anna,Stephens,,Female,16.0,4.0,,Yes,16.0,4.0,18.011138613861387
353,354,Joyce,Bryant,California,Female,19.0,3.0,30.0,No,19.0,3.0,30.0
354,355,Joyce,Baker,West Virginia,Female,17.0,2.0,28.0,No,17.0,2.0,28.0
355,356,Gary,Fernandez,Maryland,Male,16.0,3.0,31.0,No,16.0,3.0,31.0
356,357,Terry,Anderson,Washington,Male,18.0,4.0,6.0,Yes,18.0,4.0,6.0
357,358,Carlos,Murphy,Oklahoma,Male,17.0,2.0,7.0,No,17.0,2.0,7.0
358,359,Christina,Cox,Missouri,Female,18.0,2.0,22.0,No,18.0,2.0,22.0
359,360,Bonnie,Morrison,,,,3.0,23.0,No,16.996108949416342,3.0,23.0
360,361,Steven,Hansen,Wisconsin,Male,18.0,,,Yes,18.0,2.988446726572529,18.011138613861387
361,362,Sara,Perry,North Carolina,Female,,3.0,17.0,No,16.996108949416342,3.0,17.0
362,363,Marie,Rice,Washington,Female,18.0,4.0,,Yes,18.0,4.0,18.011138613861387
363,364,Christopher,Torres,Pennsylvania,Male,18.0,4.0,25.0,Yes,18.0,4.0,25.0
364,365,Richard,Martin,,,17.0,,27.0,Yes,17.0,2.988446726572529,27.0
365,366,Todd,Hernandez,,,17.0,,2.0,Yes,17.0,2.988446726572529,2.0
366,367,Mary,Patterson,District of Columbia,,17.0,4.0,13.0,Yes,17.0,4.0,13.0
367,368,Ann,Davis,California,,16.0,2.0,,Yes,16.0,2.0,18.011138613861387
368,369,David,Lynch,Arizona,Male,15.0,,13.0,Yes,15.0,2.988446726572529,13.0
369,370,Lisa,Stevens,Alabama,,16.0,,2.0,Yes,16.0,2.988446726572529,2.0
370,371,Beverly,Wells,,Female,,3.0,30.0,No,16.996108949416342,3.0,30.0
371,372,Larry,Harper,,Male,17.0,4.0,4.0,Yes,17.0,4.0,4.0
372,373,Dennis,Fields,Ohio,Male,16.0,3.0,34.0,No,16.0,3.0,34.0
373,374,Jessica,Jones,South Carolina,Female,17.0,2.0,3.0,Yes,17.0,2.0,3.0
374,375,Juan,Hernandez,Arizona,,16.0,3.0,,Yes,16.0,3.0,18.011138613861387
375,376,Antonio,Hart,California,Male,18.0,4.0,,Yes,18.0,4.0,18.011138613861387
376,377,Janice,Ellis,New Jersey,,18.0,3.0,,Yes,18.0,3.0,18.011138613861387
377,378,Kimberly,Morgan,New York,Female,18.0,2.0,32.0,No,18.0,2.0,32.0
378,379,Betty,Robertson,Texas,Female,19.0,3.0,29.0,No,19.0,3.0,29.0
379,380,Mildred,Morgan,Oklahoma,Female,,2.0,17.0,No,16.996108949416342,2.0,17.0
380,381,Wanda,Edwards,District of Columbia,Female,15.0,,,Yes,15.0,2.988446726572529,18.011138613861387
381,382,Shawn,Little,Pennsylvania,Male,19.0,3.0,10.0,No,19.0,3.0,10.0
382,383,Louis,Nelson,New Mexico,Male,17.0,4.0,14.0,Yes,17.0,4.0,14.0
383,384,Teresa,Roberts,Illinois,Female,16.0,,30.0,Yes,16.0,2.988446726572529,30.0
384,385,Judith,Ross,Oklahoma,Female,15.0,,6.0,Yes,15.0,2.988446726572529,6.0
385,386,Clarence,Nguyen,California,Male,17.0,,8.0,Yes,17.0,2.988446726572529,8.0
386,387,Lois,Collins,,Female,,3.0,,Yes,16.996108949416342,3.0,18.011138613861387
387,388,Aaron,Bishop,California,Male,17.0,4.0,12.0,Yes,17.0,4.0,12.0
388,389,James,Fields,Virginia,Male,19.0,2.0,,Yes,19.0,2.0,18.011138613861387
389,390,Raymond,Myers,Washington,Male,,2.0,25.0,No,16.996108949416342,2.0,25.0
390,391,Brandon,Ferguson,Texas,Male,17.0,2.0,23.0,No,17.0,2.0,23.0
391,392,Russell,Cook,New York,Male,,2.0,,Yes,16.996108949416342,2.0,18.011138613861387
392,393,Kathleen,Burton,Missouri,,17.0,,,Yes,17.0,2.988446726572529,18.011138613861387
393,394,Willie,Shaw,Texas,Male,16.0,2.0,,Yes,16.0,2.0,18.011138613861387
394,395,Philip,Nichols,District of Columbia,Male,19.0,,34.0,Yes,19.0,2.988446726572529,34.0
395,396,Steve,Perkins,South Carolina,Male,,2.0,30.0,No,16.996108949416342,2.0,30.0
396,397,Michael,Romero,Kansas,Male,19.0,3.0,12.0,No,19.0,3.0,12.0
397,398,Roy,Garcia,Michigan,Male,15.0,,34.0,Yes,15.0,2.988446726572529,34.0
398,399,Tammy,Fields,Tennessee,,18.0,4.0,29.0,Yes,18.0,4.0,29.0
399,400,Sean,Shaw,,Male,18.0,2.0,24.0,No,18.0,2.0,24.0
400,401,David,Ramirez,California,Male,17.0,2.0,,Yes,17.0,2.0,18.011138613861387
401,402,Richard,Alvarez,Pennsylvania,Male,16.0,4.0,19.0,Yes,16.0,4.0,19.0
402,403,Jeffrey,Miller,Oregon,,19.0,4.0,29.0,Yes,19.0,4.0,29.0
403,404,Edward,Gray,Texas,,18.0,2.0,30.0,No,18.0,2.0,30.0
404,405,Jack,Bell,New York,Male,17.0,2.0,19.0,No,17.0,2.0,19.0
405,406,Joseph,Mitchell,Colorado,,17.0,3.0,8.0,No,17.0,3.0,8.0
406,407,Phyllis,Bradley,Florida,,15.0,3.0,21.0,No,15.0,3.0,21.0
407,408,Lori,Stewart,Texas,Female,16.0,2.0,26.0,No,16.0,2.0,26.0
408,409,Julie,Richardson,Georgia,Female,19.0,,6.0,Yes,19.0,2.988446726572529,6.0
409,410,Cynthia,Stanley,South Carolina,Female,15.0,4.0,17.0,Yes,15.0,4.0,17.0
410,411,Kenneth,Johnston,Massachusetts,Male,19.0,4.0,11.0,Yes,19.0,4.0,11.0
411,412,Chris,Sims,California,Male,,2.0,10.0,No,16.996108949416342,2.0,10.0
412,413,Brian,Hanson,Massachusetts,Male,17.0,2.0,26.0,No,17.0,2.0,26.0
413,414,Matthew,Ward,New York,Male,15.0,2.0,29.0,No,15.0,2.0,29.0
414,415,Carl,Mason,Indiana,,19.0,,18.0,Yes,19.0,2.988446726572529,18.0
415,416,Richard,Wells,Texas,,,2.0,,Yes,16.996108949416342,2.0,18.011138613861387
416,417,Sandra,Daniels,Nebraska,Female,18.0,3.0,,Yes,18.0,3.0,18.011138613861387
417,418,Cheryl,Banks,Texas,,19.0,,6.0,Yes,19.0,2.988446726572529,6.0
418,419,Frances,Marshall,Texas,Female,19.0,,30.0,Yes,19.0,2.988446726572529,30.0
419,420,Gerald,Stevens,Florida,Male,19.0,4.0,,Yes,19.0,4.0,18.011138613861387
420,421,Sean,Perez,California,Male,15.0,4.0,29.0,Yes,15.0,4.0,29.0
421,422,Robert,Flores,,Male,18.0,,17.0,Yes,18.0,2.988446726572529,17.0
422,423,Daniel,Lee,,Male,16.0,4.0,7.0,Yes,16.0,4.0,7.0
423,424,Marie,Perry,,,17.0,3.0,13.0,No,17.0,3.0,13.0
424,425,Cheryl,Cruz,Nebraska,Female,18.0,2.0,16.0,No,18.0,2.0,16.0
425,426,Julia,Bishop,Ohio,,19.0,,30.0,Yes,19.0,2.988446726572529,30.0
426,427,Earl,Bradley,South Carolina,,19.0,2.0,10.0,No,19.0,2.0,10.0
427,428,Timothy,Watkins,Nevada,Male,16.0,4.0,4.0,Yes,16.0,4.0,4.0
428,429,James,Olson,Louisiana,,15.0,2.0,,Yes,15.0,2.0,18.011138613861387
429,430,Gregory,Ramos,,Male,16.0,3.0,,Yes,16.0,3.0,18.011138613861387
430,431,Terry,Reynolds,South Carolina,,19.0,2.0,33.0,No,19.0,2.0,33.0
431,432,Terry,Murphy,Wisconsin,Male,18.0,,20.0,Yes,18.0,2.988446726572529,20.0
432,433,Mark,Cook,New Jersey,Male,15.0,3.0,28.0,No,15.0,3.0,28.0
433,434,Wanda,Weaver,New Jersey,Female,18.0,4.0,22.0,Yes,18.0,4.0,22.0
434,435,Denise,Stewart,Montana,Female,17.0,2.0,23.0,No,17.0,2.0,23.0
435,436,Todd,Gutierrez,Illinois,Male,16.0,2.0,14.0,No,16.0,2.0,14.0
436,437,Debra,Fernandez,New York,Female,16.0,,30.0,Yes,16.0,2.988446726572529,30.0
437,438,Lawrence,Flores,District of Columbia,Male,16.0,3.0,6.0,No,16.0,3.0,6.0
438,439,Juan,Duncan,Kentucky,Male,,4.0,10.0,Yes,16.996108949416342,4.0,10.0
439,440,Marie,Stewart,Missouri,Female,19.0,2.0,12.0,No,19.0,2.0,12.0
440,441,Frances,Harvey,Massachusetts,Female,15.0,2.0,12.0,No,15.0,2.0,12.0
441,442,Willie,Owens,Washington,Male,16.0,4.0,3.0,Yes,16.0,4.0,3.0
442,443,Katherine,Fields,,Female,17.0,4.0,34.0,Yes,17.0,4.0,34.0
443,444,Donald,Jackson,Texas,Male,15.0,3.0,18.0,No,15.0,3.0,18.0
444,445,Daniel,Young,Pennsylvania,Male,16.0,4.0,2.0,Yes,16.0,4.0,2.0
445,446,Paula,Weaver,California,Female,,2.0,7.0,No,16.996108949416342,2.0,7.0
446,447,Robert,Brooks,Texas,Male,15.0,,7.0,Yes,15.0,2.988446726572529,7.0
447,448,Norma,Moore,North Carolina,Female,15.0,3.0,25.0,No,15.0,3.0,25.0
448,449,Catherine,Meyer,Indiana,Female,16.0,3.0,34.0,No,16.0,3.0,34.0
449,450,Melissa,Miller,Nevada,Female,18.0,3.0,25.0,No,18.0,3.0,25.0
450,451,Amanda,Grant,Oklahoma,Female,15.0,3.0,33.0,No,15.0,3.0,33.0
451,452,Walter,Meyer,,Male,16.0,,13.0,Yes,16.0,2.988446726572529,13.0
452,453,Michelle,Stone,Wisconsin,,,2.0,23.0,No,16.996108949416342,2.0,23.0
453,454,Ashley,Martin,New York,Female,16.0,,32.0,Yes,16.0,2.988446726572529,32.0
454,455,Paula,Myers,Massachusetts,Female,18.0,3.0,22.0,No,18.0,3.0,22.0
455,456,Charles,Mitchell,,Male,19.0,3.0,24.0,No,19.0,3.0,24.0
456,457,Julia,Jacobs,,Female,19.0,4.0,32.0,Yes,19.0,4.0,32.0
457,458,Judith,Elliott,North Carolina,Female,16.0,4.0,20.0,Yes,16.0,4.0,20.0
458,459,Steven,Baker,Florida,Male,,2.0,17.0,No,16.996108949416342,2.0,17.0
459,460,Gregory,Griffin,South Dakota,Male,17.0,3.0,9.0,No,17.0,3.0,9.0
460,461,Judith,Wright,Florida,,18.0,,,Yes,18.0,2.988446726572529,18.011138613861387
461,462,Donald,Banks,Pennsylvania,Male,19.0,3.0,22.0,No,19.0,3.0,22.0
462,463,Lawrence,Lee,Florida,Male,,,7.0,Yes,16.996108949416342,2.988446726572529,7.0
463,464,Kimberly,Morgan,Illinois,,16.0,,8.0,Yes,16.0,2.988446726572529,8.0
464,465,Patrick,Fields,Indiana,,15.0,,12.0,Yes,15.0,2.988446726572529,12.0
465,466,Aaron,Murphy,Florida,Male,18.0,3.0,12.0,No,18.0,3.0,12.0
466,467,Nancy,Adams,Missouri,Female,17.0,3.0,,Yes,17.0,3.0,18.011138613861387
467,468,Virginia,Brown,Florida,Female,15.0,,,Yes,15.0,2.988446726572529,18.011138613861387
468,469,Mary,Bradley,California,,19.0,4.0,,Yes,19.0,4.0,18.011138613861387
469,470,Wanda,Greene,North Carolina,Female,,3.0,15.0,No,16.996108949416342,3.0,15.0
470,471,Judith,Campbell,California,Female,16.0,3.0,34.0,No,16.0,3.0,34.0
471,472,Dorothy,Turner,Kentucky,,18.0,3.0,14.0,No,18.0,3.0,14.0
472,473,Judy,Phillips,Florida,Female,19.0,4.0,,Yes,19.0,4.0,18.011138613861387
473,474,Pamela,Kennedy,Indiana,Female,16.0,,,Yes,16.0,2.988446726572529,18.011138613861387
474,475,Brandon,Mendoza,Kentucky,Male,15.0,3.0,31.0,No,15.0,3.0,31.0
475,476,Aaron,Mitchell,Arizona,Male,18.0,3.0,24.0,No,18.0,3.0,24.0
476,477,Jeremy,Stephens,California,,19.0,3.0,19.0,No,19.0,3.0,19.0
477,478,Mary,Miller,Nebraska,Female,15.0,3.0,,Yes,15.0,3.0,18.011138613861387
478,479,Paul,Gibson,Alabama,Male,,3.0,,Yes,16.996108949416342,3.0,18.011138613861387
479,480,Frank,Gonzalez,Florida,Male,18.0,2.0,16.0,No,18.0,2.0,16.0
480,481,Pamela,Grant,Ohio,Female,18.0,,,Yes,18.0,2.988446726572529,18.011138613861387
481,482,Anne,Dean,Virginia,Female,,2.0,12.0,No,16.996108949416342,2.0,12.0
482,483,Joyce,Armstrong,West Virginia,Female,,,,Yes,16.996108949416342,2.988446726572529,18.011138613861387
483,484,Wayne,Palmer,California,Male,,3.0,17.0,No,16.996108949416342,3.0,17.0
484,485,Amanda,Ross,California,Female,16.0,4.0,21.0,Yes,16.0,4.0,21.0
485,486,Andrew,Day,Alabama,,,,30.0,Yes,16.996108949416342,2.988446726572529,30.0
486,487,Amanda,Crawford,Vermont,Female,19.0,4.0,32.0,Yes,19.0,4.0,32.0
487,488,Matthew,Knight,Maryland,Male,18.0,4.0,6.0,Yes,18.0,4.0,6.0
488,489,Marie,Hawkins,North Carolina,Female,16.0,,13.0,Yes,16.0,2.988446726572529,13.0
489,490,Deborah,Hill,Indiana,Female,16.0,3.0,29.0,No,16.0,3.0,29.0
490,491,Cheryl,Russell,Nebraska,,19.0,3.0,25.0,No,19.0,3.0,25.0
491,492,Martin,Black,Texas,,15.0,3.0,11.0,No,15.0,3.0,11.0
492,493,Theresa,Martin,California,,,3.0,16.0,No,16.996108949416342,3.0,16.0
493,494,Joyce,Peterson,West Virginia,Female,,3.0,10.0,No,16.996108949416342,3.0,10.0
494,495,Frances,Cruz,Virginia,Female,16.0,4.0,9.0,Yes,16.0,4.0,9.0
495,496,Rebecca,Carter,Florida,Female,,,32.0,Yes,16.996108949416342,2.988446726572529,32.0
496,497,Juan,Robertson,Ohio,Male,,4.0,5.0,Yes,16.996108949416342,4.0,5.0
497,498,Kathryn,Jackson,,Female,16.0,,3.0,Yes,16.0,2.988446726572529,3.0
498,499,Mary,Young,Pennsylvania,Female,15.0,,30.0,Yes,15.0,2.988446726572529,30.0
499,500,Benjamin,Gibson,California,,,3.0,9.0,No,16.996108949416342,3.0,9.0
500,501,Diane,Ellis,Colorado,Female,,4.0,,Yes,16.996108949416342,4.0,18.011138613861387
501,502,Susan,Lewis,Texas,Female,,2.0,8.0,No,16.996108949416342,2.0,8.0
502,503,Frank,Jacobs,Washington,Male,15.0,2.0,23.0,No,15.0,2.0,23.0
503,504,Doris,Ortiz,Washington,Female,17.0,4.0,19.0,Yes,17.0,4.0,19.0
504,505,Ashley,Sims,Massachusetts,Female,18.0,4.0,18.0,Yes,18.0,4.0,18.0
505,506,David,Ross,Kentucky,Male,15.0,4.0,,Yes,15.0,4.0,18.011138613861387
506,507,Christina,Schmidt,Texas,,19.0,,13.0,Yes,19.0,2.988446726572529,13.0
507,508,Scott,Johnson,Florida,Male,17.0,4.0,12.0,Yes,17.0,4.0,12.0
508,509,Jerry,Fox,Illinois,,19.0,2.0,14.0,No,19.0,2.0,14.0
509,510,Ryan,Woods,Texas,Male,17.0,3.0,18.0,No,17.0,3.0,18.0
510,511,Nancy,Palmer,New Jersey,Female,,,26.0,Yes,16.996108949416342,2.988446726572529,26.0
511,512,Robert,Gomez,Texas,,,3.0,6.0,No,16.996108949416342,3.0,6.0
512,513,Robin,Bailey,Illinois,Female,17.0,2.0,18.0,No,17.0,2.0,18.0
513,514,Kevin,Mitchell,Mississippi,Male,18.0,4.0,,Yes,18.0,4.0,18.011138613861387
514,515,Jose,Gordon,Louisiana,Male,,3.0,15.0,No,16.996108949416342,3.0,15.0
515,516,Catherine,Bradley,Arizona,Female,17.0,2.0,15.0,No,17.0,2.0,15.0
516,517,Helen,Robertson,Colorado,Female,18.0,2.0,15.0,No,18.0,2.0,15.0
517,518,Roy,Mccoy,Missouri,Male,15.0,3.0,,Yes,15.0,3.0,18.011138613861387
518,519,Jimmy,Hicks,Minnesota,,18.0,3.0,2.0,Yes,18.0,3.0,2.0
519,520,Justin,Gibson,Illinois,Male,18.0,2.0,29.0,No,18.0,2.0,29.0
520,521,Virginia,Reed,Wisconsin,,18.0,,30.0,Yes,18.0,2.988446726572529,30.0
521,522,Doris,Collins,Ohio,,19.0,,26.0,Yes,19.0,2.988446726572529,26.0
522,523,Larry,Fernandez,Colorado,Male,,4.0,,Yes,16.996108949416342,4.0,18.011138613861387
523,524,Andrew,Ross,Tennessee,Male,,,21.0,Yes,16.996108949416342,2.988446726572529,21.0
524,525,Patrick,Harvey,Minnesota,Male,15.0,,27.0,Yes,15.0,2.988446726572529,27.0
525,526,Kelly,Franklin,,,16.0,4.0,34.0,Yes,16.0,4.0,34.0
526,527,Terry,Armstrong,Missouri,Male,18.0,2.0,12.0,No,18.0,2.0,12.0
527,528,Louis,Martin,District of Columbia,,18.0,,16.0,Yes,18.0,2.988446726572529,16.0
528,529,Beverly,Medina,District of Columbia,Female,16.0,4.0,28.0,Yes,16.0,4.0,28.0
529,530,Carl,Rodriguez,Arizona,,15.0,2.0,20.0,No,15.0,2.0,20.0
530,531,Stephen,Stanley,New York,Male,15.0,,10.0,Yes,15.0,2.988446726572529,10.0
531,532,Ernest,Nguyen,Texas,Male,15.0,4.0,10.0,Yes,15.0,4.0,10.0
532,533,Emily,Hamilton,Ohio,,16.0,4.0,25.0,Yes,16.0,4.0,25.0
533,534,Henry,Daniels,Massachusetts,,18.0,4.0,16.0,Yes,18.0,4.0,16.0
534,535,Teresa,Grant,Virginia,,16.0,3.0,16.0,No,16.0,3.0,16.0
535,536,Alice,Martinez,Missouri,Female,19.0,2.0,27.0,No,19.0,2.0,27.0
536,537,Alan,Campbell,,Male,17.0,2.0,3.0,Yes,17.0,2.0,3.0
537,538,Henry,Murphy,California,,15.0,2.0,26.0,No,15.0,2.0,26.0
538,539,Sean,Dean,New Jersey,Male,,4.0,6.0,Yes,16.996108949416342,4.0,6.0
539,540,Janice,Gilbert,Texas,Female,15.0,2.0,,Yes,15.0,2.0,18.011138613861387
540,541,Alice,Snyder,Arkansas,Female,15.0,3.0,2.0,Yes,15.0,3.0,2.0
541,542,Debra,Meyer,Alabama,Female,,2.0,,Yes,16.996108949416342,2.0,18.011138613861387
542,543,Cynthia,Stewart,Missouri,Female,15.0,2.0,7.0,No,15.0,2.0,7.0
543,544,Phillip,Olson,Tennessee,Male,,3.0,19.0,No,16.996108949416342,3.0,19.0
544,545,Thomas,Mcdonald,Texas,,17.0,4.0,8.0,Yes,17.0,4.0,8.0
545,546,David,Hart,Indiana,,17.0,3.0,,Yes,17.0,3.0,18.011138613861387
546,547,Walter,Lawson,District of Columbia,Male,17.0,2.0,28.0,No,17.0,2.0,28.0
547,548,Pamela,Stewart,Texas,Female,19.0,2.0,8.0,No,19.0,2.0,8.0
548,549,Linda,Montgomery,Georgia,Female,15.0,2.0,27.0,No,15.0,2.0,27.0
549,550,Jesse,Henry,Michigan,Male,17.0,,,Yes,17.0,2.988446726572529,18.011138613861387
550,551,James,Richards,New Mexico,Male,15.0,,14.0,Yes,15.0,2.988446726572529,14.0
551,552,Ryan,Johnston,Florida,Male,,4.0,22.0,Yes,16.996108949416342,4.0,22.0
552,553,Kathleen,Ford,Florida,,18.0,4.0,17.0,Yes,18.0,4.0,17.0
553,554,Samuel,Young,Delaware,Male,19.0,3.0,25.0,No,19.0,3.0,25.0
554,555,Albert,Perez,Virginia,Male,19.0,,6.0,Yes,19.0,2.988446726572529,6.0
555,556,Teresa,Gomez,California,Female,15.0,4.0,19.0,Yes,15.0,4.0,19.0
556,557,Johnny,Allen,,Male,15.0,,21.0,Yes,15.0,2.988446726572529,21.0
557,558,Louise,James,Kentucky,,16.0,,25.0,Yes,16.0,2.988446726572529,25.0
558,559,Victor,Robinson,Arizona,,19.0,2.0,33.0,No,19.0,2.0,33.0
559,560,Joshua,Hart,Tennessee,Male,18.0,4.0,21.0,Yes,18.0,4.0,21.0
560,561,Arthur,Ryan,California,Male,18.0,,22.0,Yes,18.0,2.988446726572529,22.0
561,562,Michelle,Kim,Indiana,Female,,3.0,15.0,No,16.996108949416342,3.0,15.0
562,563,Lawrence,Thompson,North Carolina,Male,16.0,,4.0,Yes,16.0,2.988446726572529,4.0
563,564,Roy,Stevens,Oklahoma,Male,15.0,2.0,,Yes,15.0,2.0,18.011138613861387
564,565,Keith,Warren,Ohio,Male,,3.0,15.0,No,16.996108949416342,3.0,15.0
565,566,Shawn,Torres,,,19.0,4.0,,Yes,19.0,4.0,18.011138613861387
566,567,Jesse,Ortiz,Tennessee,Male,,4.0,21.0,Yes,16.996108949416342,4.0,21.0
567,568,Raymond,Miller,Ohio,Male,,2.0,18.0,No,16.996108949416342,2.0,18.0
568,569,Daniel,Fields,Kentucky,Male,17.0,3.0,23.0,No,17.0,3.0,23.0
569,570,Helen,Day,Massachusetts,Female,15.0,2.0,17.0,No,15.0,2.0,17.0
570,571,Bonnie,Jackson,California,Female,19.0,,28.0,Yes,19.0,2.988446726572529,28.0
571,572,Betty,Anderson,Alabama,Female,17.0,,29.0,Yes,17.0,2.988446726572529,29.0
572,573,Dennis,Ortiz,Iowa,Male,16.0,,22.0,Yes,16.0,2.988446726572529,22.0
573,574,Larry,Graham,Virginia,Male,18.0,3.0,,Yes,18.0,3.0,18.011138613861387
574,575,Russell,Bell,Oklahoma,Male,18.0,3.0,11.0,No,18.0,3.0,11.0
575,576,Elizabeth,Hill,Oregon,Female,17.0,,7.0,Yes,17.0,2.988446726572529,7.0
576,577,Lori,Gordon,Texas,,,2.0,28.0,No,16.996108949416342,2.0,28.0
577,578,Michelle,Moore,,Female,16.0,,30.0,Yes,16.0,2.988446726572529,30.0
578,579,Beverly,Gordon,Texas,Female,17.0,3.0,15.0,No,17.0,3.0,15.0
579,580,Kathryn,Brooks,Tennessee,,18.0,2.0,9.0,No,18.0,2.0,9.0
580,581,Heather,Hawkins,District of Columbia,Female,16.0,,21.0,Yes,16.0,2.988446726572529,21.0
581,582,Anna,Pierce,Indiana,,17.0,,18.0,Yes,17.0,2.988446726572529,18.0
582,583,Lois,Adams,Kentucky,Female,19.0,3.0,24.0,No,19.0,3.0,24.0
583,584,Ronald,Collins,Florida,Male,19.0,3.0,26.0,No,19.0,3.0,26.0
584,585,Bruce,Perez,Texas,Male,15.0,2.0,,Yes,15.0,2.0,18.011138613861387
585,586,Robert,Patterson,Utah,,16.0,,34.0,Yes,16.0,2.988446726572529,34.0
586,587,Lisa,Medina,Florida,,15.0,2.0,4.0,No,15.0,2.0,4.0
587,588,Judith,Reed,Florida,Female,,4.0,4.0,Yes,16.996108949416342,4.0,4.0
588,589,Carol,Hernandez,Minnesota,Female,19.0,,27.0,Yes,19.0,2.988446726572529,27.0
589,590,Timothy,Davis,Hawaii,Male,19.0,2.0,32.0,No,19.0,2.0,32.0
590,591,Mark,Nguyen,Arkansas,Male,,2.0,,Yes,16.996108949416342,2.0,18.011138613861387
591,592,Arthur,Miller,Louisiana,Male,,,26.0,Yes,16.996108949416342,2.988446726572529,26.0
592,593,Bruce,Foster,,Male,19.0,4.0,13.0,Yes,19.0,4.0,13.0
593,594,Walter,Garcia,California,Male,15.0,2.0,28.0,No,15.0,2.0,28.0
594,595,Cheryl,Rice,Pennsylvania,Female,16.0,2.0,4.0,No,16.0,2.0,4.0
595,596,Earl,Bennett,Texas,Male,,,,Yes,16.996108949416342,2.988446726572529,18.011138613861387
596,597,Carlos,Gray,Virginia,Male,,4.0,,Yes,16.996108949416342,4.0,18.011138613861387
597,598,Janet,Franklin,Florida,,,3.0,,Yes,16.996108949416342,3.0,18.011138613861387
598,599,Doris,Murray,,Female,17.0,4.0,3.0,Yes,17.0,4.0,3.0
599,600,Amy,Powell,,Female,15.0,2.0,31.0,No,15.0,2.0,31.0
600,601,Pamela,Boyd,Pennsylvania,Female,15.0,4.0,10.0,Yes,15.0,4.0,10.0
601,602,Sarah,Butler,Ohio,Female,,3.0,27.0,No,16.996108949416342,3.0,27.0
602,603,Peter,Martin,Washington,Male,19.0,3.0,30.0,No,19.0,3.0,30.0
603,604,Jean,Washington,,Female,15.0,2.0,19.0,No,15.0,2.0,19.0
604,605,James,Lane,Arizona,,15.0,,30.0,Yes,15.0,2.988446726572529,30.0
605,606,Theresa,Simpson,District of Columbia,,18.0,2.0,,Yes,18.0,2.0,18.011138613861387
606,607,Elizabeth,Miller,Colorado,Female,16.0,3.0,,Yes,16.0,3.0,18.011138613861387
607,608,Carlos,Freeman,California,,19.0,3.0,22.0,No,19.0,3.0,22.0
608,609,Rachel,Barnes,Alabama,Female,19.0,,26.0,Yes,19.0,2.988446726572529,26.0
609,610,Thomas,Ross,Florida,Male,,2.0,26.0,No,16.996108949416342,2.0,26.0
610,611,Dorothy,Boyd,Washington,Female,15.0,2.0,6.0,No,15.0,2.0,6.0
611,612,Karen,Torres,Florida,,17.0,4.0,27.0,Yes,17.0,4.0,27.0
612,613,Nancy,Duncan,California,Female,19.0,3.0,13.0,No,19.0,3.0,13.0
613,614,Jeremy,Rose,California,Male,17.0,2.0,,Yes,17.0,2.0,18.011138613861387
614,615,Johnny,Berry,Texas,Male,15.0,2.0,,Yes,15.0,2.0,18.011138613861387
615,616,Shawn,George,District of Columbia,Male,15.0,,6.0,Yes,15.0,2.988446726572529,6.0
616,617,Bobby,Hill,Florida,Male,,4.0,27.0,Yes,16.996108949416342,4.0,27.0
617,618,Debra,Robinson,Oregon,Female,17.0,4.0,30.0,Yes,17.0,4.0,30.0
618,619,Fred,Sanchez,Michigan,Male,,3.0,3.0,Yes,16.996108949416342,3.0,3.0
619,620,Johnny,Wood,,Male,18.0,4.0,,Yes,18.0,4.0,18.011138613861387
620,621,Richard,Murray,Indiana,Male,17.0,4.0,7.0,Yes,17.0,4.0,7.0
621,622,Antonio,Crawford,West Virginia,,19.0,,30.0,Yes,19.0,2.988446726572529,30.0
622,623,Catherine,Ross,Maine,Female,18.0,2.0,30.0,No,18.0,2.0,30.0
623,624,Larry,Wagner,New Jersey,Male,15.0,4.0,3.0,Yes,15.0,4.0,3.0
624,625,Adam,Fernandez,,Male,16.0,3.0,29.0,No,16.0,3.0,29.0
625,626,Anne,Kelley,Ohio,Female,16.0,2.0,33.0,No,16.0,2.0,33.0
626,627,Nicholas,Washington,Indiana,Male,18.0,4.0,22.0,Yes,18.0,4.0,22.0
627,628,Christina,Roberts,California,Female,17.0,2.0,4.0,No,17.0,2.0,4.0
628,629,Diana,Ryan,Texas,Female,15.0,2.0,14.0,No,15.0,2.0,14.0
629,630,Antonio,King,Michigan,Male,17.0,,,Yes,17.0,2.988446726572529,18.011138613861387
630,631,Linda,Matthews,Wisconsin,Female,,4.0,2.0,Yes,16.996108949416342,4.0,2.0
631,632,Rachel,Collins,Texas,,19.0,4.0,,Yes,19.0,4.0,18.011138613861387
632,633,Bruce,Bell,Texas,Male,18.0,4.0,5.0,Yes,18.0,4.0,5.0
633,634,Amanda,Fisher,Indiana,Female,,,28.0,Yes,16.996108949416342,2.988446726572529,28.0
634,635,Melissa,Cole,Texas,,18.0,3.0,25.0,No,18.0,3.0,25.0
635,636,Lois,Hayes,Wisconsin,Female,,4.0,28.0,Yes,16.996108949416342,4.0,28.0
636,637,Jennifer,Lopez,,Female,16.0,4.0,16.0,Yes,16.0,4.0,16.0
637,638,Robin,Grant,Alabama,,,2.0,3.0,Yes,16.996108949416342,2.0,3.0
638,639,Katherine,Bishop,Oregon,Female,19.0,,10.0,Yes,19.0,2.988446726572529,10.0
639,640,Kathleen,Ramos,California,Female,,2.0,13.0,No,16.996108949416342,2.0,13.0
640,641,Arthur,Sanchez,Georgia,,16.0,4.0,,Yes,16.0,4.0,18.011138613861387
641,642,Ann,Perkins,New Hampshire,,17.0,3.0,9.0,No,17.0,3.0,9.0
642,643,Brandon,King,Michigan,,,2.0,6.0,No,16.996108949416342,2.0,6.0
643,644,Nicole,Ortiz,Illinois,Female,18.0,2.0,,Yes,18.0,2.0,18.011138613861387
644,645,Sean,Nguyen,Texas,,19.0,,24.0,Yes,19.0,2.988446726572529,24.0
645,646,Gloria,Wheeler,Texas,Female,,2.0,5.0,No,16.996108949416342,2.0,5.0
646,647,Phillip,Reid,,,15.0,4.0,11.0,Yes,15.0,4.0,11.0
647,648,Billy,Morrison,Minnesota,Male,19.0,,,Yes,19.0,2.988446726572529,18.011138613861387
648,649,Betty,Mcdonald,Ohio,Female,17.0,2.0,33.0,No,17.0,2.0,33.0
649,650,Shirley,Ortiz,,Female,18.0,2.0,,Yes,18.0,2.0,18.011138613861387
650,651,Karen,Simmons,California,Female,18.0,,7.0,Yes,18.0,2.988446726572529,7.0
651,652,Antonio,Taylor,District of Columbia,Male,17.0,4.0,29.0,Yes,17.0,4.0,29.0
652,653,Janice,Clark,West Virginia,Female,,2.0,,Yes,16.996108949416342,2.0,18.011138613861387
653,654,Stephen,Simpson,New Jersey,,16.0,2.0,3.0,Yes,16.0,2.0,3.0
654,655,Kathleen,Brown,,Female,16.0,2.0,9.0,No,16.0,2.0,9.0
655,656,Phillip,Morales,Illinois,Male,18.0,2.0,6.0,No,18.0,2.0,6.0
656,657,Joe,Watson,,Male,,3.0,16.0,No,16.996108949416342,3.0,16.0
657,658,Melissa,Harrison,Texas,Female,,4.0,24.0,Yes,16.996108949416342,4.0,24.0
658,659,Carlos,Carpenter,California,Male,18.0,3.0,4.0,No,18.0,3.0,4.0
659,660,Theresa,Matthews,Hawaii,Female,,4.0,18.0,Yes,16.996108949416342,4.0,18.0
660,661,Sarah,Crawford,Virginia,,19.0,,34.0,Yes,19.0,2.988446726572529,34.0
661,662,Christina,Grant,Florida,Female,,,12.0,Yes,16.996108949416342,2.988446726572529,12.0
662,663,Carol,Powell,Illinois,Female,,4.0,31.0,Yes,16.996108949416342,4.0,31.0
663,664,Eugene,Lewis,Missouri,Male,16.0,3.0,19.0,No,16.0,3.0,19.0
664,665,Chris,Hunt,Pennsylvania,Male,,4.0,23.0,Yes,16.996108949416342,4.0,23.0
665,666,Mildred,Ross,West Virginia,,18.0,,24.0,Yes,18.0,2.988446726572529,24.0
666,667,Nicole,Hart,Texas,Female,,2.0,,Yes,16.996108949416342,2.0,18.011138613861387
667,668,John,Richards,Texas,,,4.0,25.0,Yes,16.996108949416342,4.0,25.0
668,669,Brandon,Lawson,Pennsylvania,Male,19.0,3.0,29.0,No,19.0,3.0,29.0
669,670,Stephanie,Henry,New York,,18.0,2.0,14.0,No,18.0,2.0,14.0
670,671,Janet,Ray,,Female,,3.0,19.0,No,16.996108949416342,3.0,19.0
671,672,Terry,Gray,Colorado,,,,34.0,Yes,16.996108949416342,2.988446726572529,34.0
672,673,Antonio,Perez,North Carolina,Male,17.0,2.0,14.0,No,17.0,2.0,14.0
673,674,Donna,Russell,Ohio,Female,,4.0,,Yes,16.996108949416342,4.0,18.011138613861387
674,675,Theresa,Kennedy,Indiana,,15.0,2.0,31.0,No,15.0,2.0,31.0
675,676,Jack,Morrison,Alabama,,,2.0,,Yes,16.996108949416342,2.0,18.011138613861387
676,677,Louis,Rodriguez,Pennsylvania,Male,16.0,3.0,,Yes,16.0,3.0,18.011138613861387
677,678,Gregory,Mccoy,Washington,Male,18.0,2.0,,Yes,18.0,2.0,18.011138613861387
678,679,Gloria,Snyder,Florida,Female,16.0,3.0,7.0,No,16.0,3.0,7.0
679,680,Phyllis,Wagner,,Female,18.0,3.0,12.0,No,18.0,3.0,12.0
680,681,Mildred,Fernandez,North Carolina,,15.0,2.0,21.0,No,15.0,2.0,21.0
681,682,Jean,Sullivan,Arizona,,19.0,2.0,9.0,No,19.0,2.0,9.0
682,683,Christina,Woods,New York,Female,15.0,2.0,13.0,No,15.0,2.0,13.0
683,684,Paula,Webb,Minnesota,Female,16.0,2.0,17.0,No,16.0,2.0,17.0
684,685,Annie,Kennedy,Nevada,,,4.0,24.0,Yes,16.996108949416342,4.0,24.0
685,686,Heather,Adams,Texas,Female,,,8.0,Yes,16.996108949416342,2.988446726572529,8.0
686,687,Katherine,Oliver,Virginia,Female,,4.0,10.0,Yes,16.996108949416342,4.0,10.0
687,688,Fred,Gonzalez,Idaho,,17.0,4.0,,Yes,17.0,4.0,18.011138613861387
688,689,Beverly,Kelley,Arkansas,,18.0,2.0,25.0,No,18.0,2.0,25.0
689,690,Evelyn,White,Massachusetts,Female,17.0,3.0,33.0,No,17.0,3.0,33.0
690,691,Arthur,Wood,Indiana,Male,17.0,3.0,26.0,No,17.0,3.0,26.0
691,692,Larry,Bennett,Ohio,Male,15.0,3.0,28.0,No,15.0,3.0,28.0
692,693,Sharon,Romero,North Carolina,,17.0,,25.0,Yes,17.0,2.988446726572529,25.0
693,694,Michelle,Foster,California,,17.0,3.0,27.0,No,17.0,3.0,27.0
694,695,Philip,Watkins,Arizona,Male,19.0,,21.0,Yes,19.0,2.988446726572529,21.0
695,696,Henry,King,District of Columbia,,,2.0,,Yes,16.996108949416342,2.0,18.011138613861387
696,697,Daniel,Peterson,Texas,Male,,3.0,22.0,No,16.996108949416342,3.0,22.0
697,698,Daniel,Bowman,Kentucky,,16.0,4.0,31.0,Yes,16.0,4.0,31.0
698,699,Martha,Alvarez,Colorado,Female,16.0,2.0,13.0,No,16.0,2.0,13.0
699,700,Kathryn,Medina,Texas,Female,19.0,2.0,,Yes,19.0,2.0,18.011138613861387
700,701,John,Patterson,,Male,15.0,2.0,4.0,No,15.0,2.0,4.0
701,702,Michael,Shaw,Florida,Male,18.0,,26.0,Yes,18.0,2.988446726572529,26.0
702,703,Janice,Matthews,Kentucky,,15.0,3.0,34.0,No,15.0,3.0,34.0
703,704,Chris,Little,Michigan,Male,16.0,,25.0,Yes,16.0,2.988446726572529,25.0
704,705,Martin,Holmes,Florida,Male,,4.0,16.0,Yes,16.996108949416342,4.0,16.0
705,706,Debra,Morris,Ohio,Female,,,19.0,Yes,16.996108949416342,2.988446726572529,19.0
706,707,Robin,Ryan,,Female,15.0,4.0,15.0,Yes,15.0,4.0,15.0
707,708,Jason,Richardson,Ohio,Male,16.0,3.0,19.0,No,16.0,3.0,19.0
708,709,Harry,Williamson,Pennsylvania,,19.0,4.0,13.0,Yes,19.0,4.0,13.0
709,710,Russell,Anderson,District of Columbia,Male,17.0,4.0,30.0,Yes,17.0,4.0,30.0
710,711,Johnny,Chapman,,Male,,2.0,12.0,No,16.996108949416342,2.0,12.0
711,712,Maria,Stevens,Colorado,Female,16.0,2.0,3.0,Yes,16.0,2.0,3.0
712,713,David,Riley,New York,,18.0,,,Yes,18.0,2.988446726572529,18.011138613861387
713,714,Bobby,Anderson,Pennsylvania,,,4.0,17.0,Yes,16.996108949416342,4.0,17.0
714,715,Stephen,Olson,Florida,Male,19.0,,10.0,Yes,19.0,2.988446726572529,10.0
715,716,Ann,Coleman,Washington,,17.0,2.0,,Yes,17.0,2.0,18.011138613861387
716,717,Diane,Vasquez,New York,Female,15.0,4.0,14.0,Yes,15.0,4.0,14.0
717,718,Gloria,Hughes,Ohio,Female,19.0,2.0,,Yes,19.0,2.0,18.011138613861387
718,719,Cynthia,Garza,Ohio,Female,18.0,3.0,24.0,No,18.0,3.0,24.0
719,720,Louise,Edwards,Indiana,Female,17.0,3.0,31.0,No,17.0,3.0,31.0
720,721,Kimberly,Montgomery,,,17.0,2.0,20.0,No,17.0,2.0,20.0
721,722,Brandon,Perry,California,,,3.0,15.0,No,16.996108949416342,3.0,15.0
722,723,Shirley,Ford,North Carolina,Female,17.0,2.0,34.0,No,17.0,2.0,34.0
723,724,Phillip,Alvarez,Illinois,Male,16.0,2.0,,Yes,16.0,2.0,18.011138613861387
724,725,Howard,Lawrence,New York,Male,19.0,4.0,33.0,Yes,19.0,4.0,33.0
725,726,Stephanie,Johnson,Pennsylvania,Female,18.0,,,Yes,18.0,2.988446726572529,18.011138613861387
726,727,Sara,Meyer,California,Female,18.0,2.0,9.0,No,18.0,2.0,9.0
727,728,Keith,Fernandez,District of Columbia,Male,19.0,3.0,8.0,No,19.0,3.0,8.0
728,729,Samuel,Allen,Illinois,Male,16.0,4.0,12.0,Yes,16.0,4.0,12.0
729,730,Carol,Burke,New York,Female,15.0,,29.0,Yes,15.0,2.988446726572529,29.0
730,731,Martha,Gordon,Illinois,Female,15.0,,22.0,Yes,15.0,2.988446726572529,22.0
731,732,Katherine,Fox,,Female,17.0,4.0,,Yes,17.0,4.0,18.011138613861387
732,733,Stephanie,Graham,Missouri,Female,17.0,,8.0,Yes,17.0,2.988446726572529,8.0
733,734,Roger,Snyder,Kansas,,18.0,4.0,21.0,Yes,18.0,4.0,21.0
734,735,Mark,Bishop,Ohio,Male,15.0,2.0,11.0,No,15.0,2.0,11.0
735,736,Pamela,Wilson,,Female,19.0,,20.0,Yes,19.0,2.988446726572529,20.0
736,737,Philip,Perkins,Florida,Male,,4.0,,Yes,16.996108949416342,4.0,18.011138613861387
737,738,Clarence,Stevens,Colorado,Male,,,14.0,Yes,16.996108949416342,2.988446726572529,14.0
738,739,Robert,Larson,Iowa,,18.0,,3.0,Yes,18.0,2.988446726572529,3.0
739,740,Bruce,Howard,,Male,,2.0,20.0,No,16.996108949416342,2.0,20.0
740,741,Karen,Turner,Missouri,Female,16.0,4.0,28.0,Yes,16.0,4.0,28.0
741,742,Thomas,Baker,Missouri,Male,15.0,2.0,20.0,No,15.0,2.0,20.0
742,743,Thomas,Hayes,California,Male,,4.0,5.0,Yes,16.996108949416342,4.0,5.0
743,744,Larry,Butler,Arizona,Male,16.0,3.0,28.0,No,16.0,3.0,28.0
744,745,Anne,Butler,California,,17.0,,33.0,Yes,17.0,2.988446726572529,33.0
745,746,Henry,Peters,,,19.0,2.0,14.0,No,19.0,2.0,14.0
746,747,Patrick,Brooks,California,Male,19.0,3.0,,Yes,19.0,3.0,18.011138613861387
747,748,Eugene,Brooks,California,Male,16.0,4.0,13.0,Yes,16.0,4.0,13.0
748,749,Melissa,King,Virginia,Female,18.0,,34.0,Yes,18.0,2.988446726572529,34.0
749,750,Margaret,Black,New York,,18.0,4.0,,Yes,18.0,4.0,18.011138613861387
750,751,Kimberly,Day,Florida,,19.0,2.0,6.0,No,19.0,2.0,6.0
751,752,Joyce,Matthews,New York,Female,,4.0,27.0,Yes,16.996108949416342,4.0,27.0
752,753,Julia,Hawkins,Texas,Female,17.0,4.0,7.0,Yes,17.0,4.0,7.0
753,754,Michelle,Gonzalez,Michigan,Female,17.0,4.0,18.0,Yes,17.0,4.0,18.0
754,755,Jessica,Elliott,Minnesota,,,4.0,28.0,Yes,16.996108949416342,4.0,28.0
755,756,Joyce,Murphy,,Female,,4.0,5.0,Yes,16.996108949416342,4.0,5.0
756,757,Joe,Howell,,,15.0,2.0,20.0,No,15.0,2.0,20.0
757,758,Steven,George,Oregon,,16.0,,11.0,Yes,16.0,2.988446726572529,11.0
758,759,George,Gomez,California,Male,19.0,4.0,2.0,Yes,19.0,4.0,2.0
759,760,Annie,Hamilton,South Carolina,Female,15.0,,13.0,Yes,15.0,2.988446726572529,13.0
760,761,Michael,James,Georgia,Male,,2.0,33.0,No,16.996108949416342,2.0,33.0
761,762,Jimmy,Holmes,,Male,17.0,3.0,26.0,No,17.0,3.0,26.0
762,763,Helen,Mcdonald,California,Female,18.0,2.0,15.0,No,18.0,2.0,15.0
763,764,Diane,Freeman,,Female,,2.0,,Yes,16.996108949416342,2.0,18.011138613861387
764,765,Lois,Peters,Pennsylvania,Female,19.0,4.0,31.0,Yes,19.0,4.0,31.0
765,766,Brenda,Martin,Texas,,16.0,,,Yes,16.0,2.988446726572529,18.011138613861387
766,767,Christina,Daniels,Virginia,Female,19.0,,,Yes,19.0,2.988446726572529,18.011138613861387
767,768,Betty,Rose,Hawaii,Female,17.0,3.0,6.0,No,17.0,3.0,6.0
768,769,Beverly,Burns,Virginia,Female,,4.0,8.0,Yes,16.996108949416342,4.0,8.0
769,770,Wayne,Brooks,,Male,,3.0,30.0,No,16.996108949416342,3.0,30.0
770,771,Ralph,Watkins,District of Columbia,Male,15.0,,17.0,Yes,15.0,2.988446726572529,17.0
771,772,Gerald,James,Tennessee,Male,17.0,2.0,,Yes,17.0,2.0,18.011138613861387
772,773,Nicole,Ramos,Texas,Female,16.0,,12.0,Yes,16.0,2.988446726572529,12.0
773,774,Mildred,Williamson,,,16.0,2.0,27.0,No,16.0,2.0,27.0
774,775,Jerry,Hart,Tennessee,,19.0,2.0,34.0,No,19.0,2.0,34.0
775,776,Russell,Scott,Wisconsin,Male,19.0,4.0,29.0,Yes,19.0,4.0,29.0
776,777,Louise,Lane,Pennsylvania,Female,17.0,4.0,34.0,Yes,17.0,4.0,34.0
777,778,Donna,Ramirez,Texas,,16.0,3.0,6.0,No,16.0,3.0,6.0
778,779,Frank,Miller,Texas,Male,,2.0,13.0,No,16.996108949416342,2.0,13.0
779,780,Kimberly,Gordon,Minnesota,,15.0,,,Yes,15.0,2.988446726572529,18.011138613861387
780,781,Lois,Hansen,New York,,17.0,2.0,12.0,No,17.0,2.0,12.0
781,782,Alan,Pierce,California,Male,18.0,3.0,20.0,No,18.0,3.0,20.0
782,783,Debra,Smith,New York,Female,17.0,2.0,5.0,No,17.0,2.0,5.0
783,784,Jennifer,Armstrong,California,Female,17.0,3.0,26.0,No,17.0,3.0,26.0
784,785,Douglas,Fernandez,Florida,Male,19.0,3.0,27.0,No,19.0,3.0,27.0
785,786,Judith,Alvarez,Michigan,,15.0,4.0,15.0,Yes,15.0,4.0,15.0
786,787,Roy,Owens,Virginia,Male,,4.0,19.0,Yes,16.996108949416342,4.0,19.0
787,788,Doris,Long,Illinois,Female,16.0,4.0,,Yes,16.0,4.0,18.011138613861387
788,789,Diana,Hill,Missouri,Female,19.0,,,Yes,19.0,2.988446726572529,18.011138613861387
789,790,Carolyn,Kelley,Texas,Female,17.0,2.0,19.0,No,17.0,2.0,19.0
790,791,Wayne,Rogers,Alaska,Male,,3.0,16.0,No,16.996108949416342,3.0,16.0
791,792,Lisa,Romero,,Female,17.0,3.0,2.0,Yes,17.0,3.0,2.0
792,793,Ryan,Walker,Massachusetts,Male,16.0,,,Yes,16.0,2.988446726572529,18.011138613861387
793,794,Rose,Ward,Texas,,19.0,4.0,27.0,Yes,19.0,4.0,27.0
794,795,Gary,Baker,Alabama,Male,19.0,3.0,31.0,No,19.0,3.0,31.0
795,796,Lillian,Fields,Tennessee,Female,19.0,4.0,8.0,Yes,19.0,4.0,8.0
796,797,Kelly,Lopez,Alaska,,,,3.0,Yes,16.996108949416342,2.988446726572529,3.0
797,798,Christopher,Butler,Minnesota,,17.0,2.0,31.0,No,17.0,2.0,31.0
798,799,Mildred,Gray,Virginia,Female,19.0,,,Yes,19.0,2.988446726572529,18.011138613861387
799,800,Carol,Ward,Indiana,,16.0,2.0,33.0,No,16.0,2.0,33.0
800,801,Justin,Clark,California,,,4.0,9.0,Yes,16.996108949416342,4.0,9.0
801,802,Angela,Crawford,Ohio,Female,,3.0,4.0,No,16.996108949416342,3.0,4.0
802,803,Clarence,Robinson,Texas,,15.0,3.0,18.0,No,15.0,3.0,18.0
803,804,Jack,Peters,Nevada,,15.0,3.0,2.0,Yes,15.0,3.0,2.0
804,805,Julia,Lee,Pennsylvania,Female,15.0,4.0,,Yes,15.0,4.0,18.011138613861387
805,806,Adam,Chapman,Georgia,Male,,4.0,18.0,Yes,16.996108949416342,4.0,18.0
806,807,Jean,Davis,California,Female,16.0,4.0,3.0,Yes,16.0,4.0,3.0
807,808,Ernest,Davis,California,Male,17.0,,,Yes,17.0,2.988446726572529,18.011138613861387
808,809,Anthony,Ross,Washington,Male,19.0,4.0,4.0,Yes,19.0,4.0,4.0
809,810,Jeffrey,Berry,Pennsylvania,,15.0,2.0,26.0,No,15.0,2.0,26.0
810,811,Jacqueline,Cunningham,Hawaii,Female,,4.0,31.0,Yes,16.996108949416342,4.0,31.0
811,812,Angela,Banks,Florida,Female,19.0,2.0,,Yes,19.0,2.0,18.011138613861387
812,813,Amy,Ortiz,Oklahoma,Female,18.0,,4.0,Yes,18.0,2.988446726572529,4.0
813,814,Angela,Morrison,,Female,16.0,4.0,7.0,Yes,16.0,4.0,7.0
814,815,Gary,Matthews,California,Male,18.0,3.0,4.0,No,18.0,3.0,4.0
815,816,Heather,Lynch,Texas,Female,18.0,2.0,,Yes,18.0,2.0,18.011138613861387
816,817,Phyllis,Edwards,Florida,,,3.0,17.0,No,16.996108949416342,3.0,17.0
817,818,Sarah,Lawson,,,16.0,2.0,20.0,No,16.0,2.0,20.0
818,819,Andrew,Reyes,Texas,Male,15.0,2.0,15.0,No,15.0,2.0,15.0
819,820,Deborah,Lawson,Florida,,16.0,2.0,14.0,No,16.0,2.0,14.0
820,821,Paul,Stevens,,Male,18.0,3.0,14.0,No,18.0,3.0,14.0
821,822,Nancy,Oliver,Indiana,,15.0,2.0,19.0,No,15.0,2.0,19.0
822,823,Dennis,Carpenter,Indiana,Male,17.0,,7.0,Yes,17.0,2.988446726572529,7.0
823,824,Patrick,Ross,Texas,,17.0,4.0,26.0,Yes,17.0,4.0,26.0
824,825,Gary,Holmes,,Male,17.0,,,Yes,17.0,2.988446726572529,18.011138613861387
825,826,Kimberly,Torres,,,,3.0,32.0,No,16.996108949416342,3.0,32.0
826,827,Amy,Miller,,Female,18.0,,31.0,Yes,18.0,2.988446726572529,31.0
827,828,Ruth,Parker,South Carolina,Female,,4.0,4.0,Yes,16.996108949416342,4.0,4.0
828,829,Juan,Collins,Vermont,Male,17.0,4.0,14.0,Yes,17.0,4.0,14.0
829,830,Mary,Mason,Texas,Female,19.0,4.0,19.0,Yes,19.0,4.0,19.0
830,831,Kathryn,Alexander,New Jersey,Female,19.0,2.0,17.0,No,19.0,2.0,17.0
831,832,Kenneth,Moreno,,Male,19.0,2.0,14.0,No,19.0,2.0,14.0
832,833,Mildred,Welch,Texas,Female,15.0,3.0,15.0,No,15.0,3.0,15.0
833,834,Louis,Riley,Utah,Male,,4.0,,Yes,16.996108949416342,4.0,18.011138613861387
834,835,Roy,Butler,Texas,Male,19.0,3.0,18.0,No,19.0,3.0,18.0
835,836,Diane,Pierce,Indiana,Female,17.0,3.0,2.0,Yes,17.0,3.0,2.0
836,837,Randy,Mendoza,Ohio,Male,,,11.0,Yes,16.996108949416342,2.988446726572529,11.0
837,838,Irene,Cole,Texas,Female,16.0,4.0,23.0,Yes,16.0,4.0,23.0
838,839,James,Myers,Illinois,Male,18.0,4.0,9.0,Yes,18.0,4.0,9.0
839,840,Barbara,Turner,Pennsylvania,Female,17.0,2.0,32.0,No,17.0,2.0,32.0
840,841,Andrea,Duncan,Ohio,Female,18.0,4.0,24.0,Yes,18.0,4.0,24.0
841,842,Tammy,Stone,,,15.0,3.0,4.0,No,15.0,3.0,4.0
842,843,Cheryl,Harvey,,,,4.0,4.0,Yes,16.996108949416342,4.0,4.0
843,844,Gloria,Ramos,Kansas,,16.0,4.0,23.0,Yes,16.0,4.0,23.0
844,845,Julia,White,District of Columbia,Female,15.0,3.0,11.0,No,15.0,3.0,11.0
845,846,Alan,Crawford,California,Male,17.0,4.0,,Yes,17.0,4.0,18.011138613861387
846,847,Rachel,Lee,,Female,19.0,3.0,27.0,No,19.0,3.0,27.0
847,848,Laura,Mitchell,Colorado,Female,18.0,4.0,,Yes,18.0,4.0,18.011138613861387
848,849,Christina,Moore,New York,Female,19.0,3.0,22.0,No,19.0,3.0,22.0
849,850,Marie,Wood,Michigan,,,,27.0,Yes,16.996108949416342,2.988446726572529,27.0
850,851,Jean,Gonzalez,Missouri,Female,17.0,3.0,23.0,No,17.0,3.0,23.0
851,852,Gloria,Edwards,California,,18.0,4.0,,Yes,18.0,4.0,18.011138613861387
852,853,Kathy,Bailey,New York,Female,19.0,3.0,,Yes,19.0,3.0,18.011138613861387
853,854,Heather,Owens,,Female,15.0,,,Yes,15.0,2.988446726572529,18.011138613861387
854,855,Ruth,Carroll,Kentucky,Female,,,14.0,Yes,16.996108949416342,2.988446726572529,14.0
855,856,Jimmy,Bryant,Pennsylvania,Male,16.0,,4.0,Yes,16.0,2.988446726572529,4.0
856,857,Thomas,Tucker,California,Male,,3.0,8.0,No,16.996108949416342,3.0,8.0
857,858,Janet,Murphy,Michigan,Female,17.0,,6.0,Yes,17.0,2.988446726572529,6.0
858,859,Angela,Kelly,Connecticut,Female,15.0,4.0,32.0,Yes,15.0,4.0,32.0
859,860,Douglas,Burke,Illinois,,16.0,3.0,8.0,No,16.0,3.0,8.0
860,861,Justin,Bennett,,Male,15.0,2.0,3.0,Yes,15.0,2.0,3.0
861,862,Kevin,Robinson,Montana,Male,,3.0,25.0,No,16.996108949416342,3.0,25.0
862,863,Pamela,Hudson,,Female,16.0,,,Yes,16.0,2.988446726572529,18.011138613861387
863,864,Barbara,Mccoy,New York,,19.0,3.0,15.0,No,19.0,3.0,15.0
864,865,Sara,Garcia,Louisiana,Female,19.0,3.0,21.0,No,19.0,3.0,21.0
865,866,John,Fields,,Male,,4.0,14.0,Yes,16.996108949416342,4.0,14.0
866,867,Joe,Franklin,Ohio,Male,15.0,2.0,15.0,No,15.0,2.0,15.0
867,868,Ruby,Long,Minnesota,,,4.0,4.0,Yes,16.996108949416342,4.0,4.0
868,869,Phyllis,Oliver,Michigan,Female,17.0,4.0,27.0,Yes,17.0,4.0,27.0
869,870,Patrick,Barnes,Texas,Male,17.0,3.0,7.0,No,17.0,3.0,7.0
870,871,Joshua,Butler,,Male,18.0,4.0,,Yes,18.0,4.0,18.011138613861387
871,872,Janet,Cox,Texas,Female,,3.0,9.0,No,16.996108949416342,3.0,9.0
872,873,William,Harris,Alabama,Male,18.0,3.0,6.0,No,18.0,3.0,6.0
873,874,Diana,Howard,Minnesota,Female,15.0,,,Yes,15.0,2.988446726572529,18.011138613861387
874,875,Joe,Hicks,Florida,Male,15.0,3.0,,Yes,15.0,3.0,18.011138613861387
875,876,Amy,Walker,Alabama,Female,,,29.0,Yes,16.996108949416342,2.988446726572529,29.0
876,877,Matthew,Brown,Iowa,Male,19.0,3.0,6.0,No,19.0,3.0,6.0
877,878,Adam,Larson,District of Columbia,,,3.0,27.0,No,16.996108949416342,3.0,27.0
878,879,Victor,Kelley,California,,17.0,3.0,,Yes,17.0,3.0,18.011138613861387
879,880,Amanda,Reyes,District of Columbia,Female,15.0,,9.0,Yes,15.0,2.988446726572529,9.0
880,881,Aaron,Shaw,Texas,,15.0,2.0,5.0,No,15.0,2.0,5.0
881,882,Kevin,Campbell,California,Male,17.0,4.0,28.0,Yes,17.0,4.0,28.0
882,883,Evelyn,Watson,South Carolina,,15.0,2.0,14.0,No,15.0,2.0,14.0
883,884,Amy,Nguyen,New York,Female,18.0,2.0,30.0,No,18.0,2.0,30.0
884,885,Betty,Stone,Colorado,,17.0,2.0,31.0,No,17.0,2.0,31.0
885,886,Susan,Spencer,Missouri,,19.0,4.0,17.0,Yes,19.0,4.0,17.0
886,887,Patricia,Hernandez,Arizona,,19.0,4.0,14.0,Yes,19.0,4.0,14.0
887,888,Jesse,Hunter,Pennsylvania,,18.0,2.0,16.0,No,18.0,2.0,16.0
888,889,Mark,Parker,New York,Male,,4.0,,Yes,16.996108949416342,4.0,18.011138613861387
889,890,Deborah,Franklin,,Female,16.0,4.0,31.0,Yes,16.0,4.0,31.0
890,891,Sharon,Dixon,District of Columbia,Female,19.0,3.0,12.0,No,19.0,3.0,12.0
891,892,Ruth,Larson,Washington,Female,18.0,4.0,,Yes,18.0,4.0,18.011138613861387
892,893,Gerald,Mendoza,Florida,Male,17.0,3.0,7.0,No,17.0,3.0,7.0
893,894,Gregory,Green,Arizona,Male,15.0,4.0,6.0,Yes,15.0,4.0,6.0
894,895,Eric,Greene,California,Male,15.0,3.0,33.0,No,15.0,3.0,33.0
895,896,Amanda,Anderson,Nevada,Female,19.0,4.0,4.0,Yes,19.0,4.0,4.0
896,897,Kathleen,Lane,Indiana,Female,19.0,4.0,24.0,Yes,19.0,4.0,24.0
897,898,Andrew,Murphy,Minnesota,Male,16.0,2.0,,Yes,16.0,2.0,18.011138613861387
898,899,Andrea,Nichols,Maryland,Female,17.0,2.0,7.0,No,17.0,2.0,7.0
899,900,Louis,Sims,Virginia,Male,,,10.0,Yes,16.996108949416342,2.988446726572529,10.0
900,901,Jennifer,Nguyen,Kansas,,,3.0,6.0,No,16.996108949416342,3.0,6.0
901,902,Amy,Bennett,Nebraska,Female,15.0,,6.0,Yes,15.0,2.988446726572529,6.0
902,903,Christina,Hall,Florida,Female,18.0,2.0,14.0,No,18.0,2.0,14.0
903,904,Emily,Griffin,Louisiana,Female,15.0,3.0,,Yes,15.0,3.0,18.011138613861387
904,905,Dennis,Stephens,Pennsylvania,Male,17.0,3.0,25.0,No,17.0,3.0,25.0
905,906,Harry,Wells,Pennsylvania,Male,17.0,,20.0,Yes,17.0,2.988446726572529,20.0
906,907,Michael,Grant,,Male,17.0,2.0,27.0,No,17.0,2.0,27.0
907,908,Benjamin,Nguyen,Ohio,Male,19.0,4.0,,Yes,19.0,4.0,18.011138613861387
908,909,Ruth,Ortiz,Pennsylvania,Female,17.0,2.0,8.0,No,17.0,2.0,8.0
909,910,Diane,Austin,,,,2.0,22.0,No,16.996108949416342,2.0,22.0
910,911,Sarah,Perry,California,Female,,,7.0,Yes,16.996108949416342,2.988446726572529,7.0
911,912,Patrick,Richards,Minnesota,Male,19.0,3.0,,Yes,19.0,3.0,18.011138613861387
912,913,Melissa,Daniels,Indiana,Female,,2.0,24.0,No,16.996108949416342,2.0,24.0
913,914,Kimberly,Gardner,Virginia,Female,18.0,4.0,,Yes,18.0,4.0,18.011138613861387
914,915,Larry,Smith,Maryland,,16.0,3.0,15.0,No,16.0,3.0,15.0
915,916,Debra,Warren,Texas,Female,15.0,4.0,31.0,Yes,15.0,4.0,31.0
916,917,Beverly,Tucker,Oklahoma,,19.0,,19.0,Yes,19.0,2.988446726572529,19.0
917,918,Gary,Fernandez,Maryland,Male,19.0,,5.0,Yes,19.0,2.988446726572529,5.0
918,919,Ralph,Perry,Texas,,15.0,4.0,9.0,Yes,15.0,4.0,9.0
919,920,Patricia,Ellis,Florida,,,4.0,31.0,Yes,16.996108949416342,4.0,31.0
920,921,Kathy,Fernandez,New York,Female,,2.0,21.0,No,16.996108949416342,2.0,21.0
921,922,Rebecca,Duncan,California,,,3.0,31.0,No,16.996108949416342,3.0,31.0
922,923,Angela,Arnold,New Jersey,,15.0,4.0,11.0,Yes,15.0,4.0,11.0
923,924,Tina,Lopez,Indiana,Female,18.0,3.0,2.0,Yes,18.0,3.0,2.0
924,925,Diane,Griffin,New York,Female,16.0,2.0,16.0,No,16.0,2.0,16.0
925,926,Raymond,Hunt,,Male,15.0,2.0,,Yes,15.0,2.0,18.011138613861387
926,927,Shirley,Kelly,California,Female,15.0,3.0,27.0,No,15.0,3.0,27.0
927,928,Ashley,Ramirez,Texas,Female,15.0,3.0,29.0,No,15.0,3.0,29.0
928,929,Alan,Davis,Wisconsin,Male,17.0,,,Yes,17.0,2.988446726572529,18.011138613861387
929,930,Cheryl,Spencer,Michigan,Female,,2.0,,Yes,16.996108949416342,2.0,18.011138613861387
930,931,Sandra,Hunter,New Mexico,Female,,,10.0,Yes,16.996108949416342,2.988446726572529,10.0
931,932,Barbara,Parker,,Female,,2.0,13.0,No,16.996108949416342,2.0,13.0
932,933,Kimberly,Lynch,Texas,Female,18.0,3.0,7.0,No,18.0,3.0,7.0
933,934,Edward,Meyer,Virginia,Male,19.0,2.0,28.0,No,19.0,2.0,28.0
934,935,Anna,Stone,Texas,,18.0,4.0,17.0,Yes,18.0,4.0,17.0
935,936,Roger,Thompson,Virginia,,18.0,2.0,,Yes,18.0,2.0,18.011138613861387
936,937,Gary,Marshall,Minnesota,Male,18.0,4.0,8.0,Yes,18.0,4.0,8.0
937,938,Anthony,Ray,New York,Male,18.0,4.0,4.0,Yes,18.0,4.0,4.0
938,939,Ruby,Castillo,California,Female,19.0,3.0,11.0,No,19.0,3.0,11.0
939,940,Kenneth,Evans,Indiana,Male,15.0,4.0,24.0,Yes,15.0,4.0,24.0
940,941,Nancy,Peters,,Female,,,6.0,Yes,16.996108949416342,2.988446726572529,6.0
941,942,Andrea,Sanchez,Florida,Female,,,,Yes,16.996108949416342,2.988446726572529,18.011138613861387
942,943,Joan,Fox,Virginia,Female,15.0,2.0,,Yes,15.0,2.0,18.011138613861387
943,944,Denise,Holmes,District of Columbia,Female,17.0,2.0,7.0,No,17.0,2.0,7.0
944,945,Todd,Pierce,Missouri,,19.0,,4.0,Yes,19.0,2.988446726572529,4.0
945,946,Dennis,Lopez,Georgia,Male,,,,Yes,16.996108949416342,2.988446726572529,18.011138613861387
946,947,Randy,Myers,Delaware,Male,,,17.0,Yes,16.996108949416342,2.988446726572529,17.0
947,948,Maria,Marshall,Georgia,,18.0,4.0,22.0,Yes,18.0,4.0,22.0
948,949,Susan,Gonzales,California,Female,19.0,3.0,,Yes,19.0,3.0,18.011138613861387
949,950,Diane,Fox,Nebraska,Female,,2.0,28.0,No,16.996108949416342,2.0,28.0
950,951,Billy,Gonzales,South Dakota,Male,16.0,3.0,27.0,No,16.0,3.0,27.0
951,952,Jean,Carr,North Dakota,Female,16.0,2.0,31.0,No,16.0,2.0,31.0
952,953,Jerry,Hanson,Texas,Male,18.0,2.0,,Yes,18.0,2.0,18.011138613861387
953,954,Tammy,Parker,Connecticut,Female,19.0,,33.0,Yes,19.0,2.988446726572529,33.0
954,955,Kathleen,Grant,Louisiana,Female,15.0,2.0,2.0,Yes,15.0,2.0,2.0
955,956,Anthony,Sanders,,Male,17.0,4.0,10.0,Yes,17.0,4.0,10.0
956,957,Justin,Lawrence,Florida,,,3.0,13.0,No,16.996108949416342,3.0,13.0
957,958,Jacqueline,Day,Illinois,Female,18.0,,,Yes,18.0,2.988446726572529,18.011138613861387
958,959,Wayne,Sanchez,Texas,Male,18.0,4.0,12.0,Yes,18.0,4.0,12.0
959,960,Jerry,Washington,Nevada,Male,,3.0,30.0,No,16.996108949416342,3.0,30.0
960,961,Louise,Brooks,Utah,Female,,3.0,26.0,No,16.996108949416342,3.0,26.0
961,962,Dennis,Schmidt,New York,Male,16.0,2.0,2.0,Yes,16.0,2.0,2.0
962,963,Teresa,Olson,Florida,Female,15.0,4.0,7.0,Yes,15.0,4.0,7.0
963,964,Arthur,Hill,,Male,17.0,3.0,8.0,No,17.0,3.0,8.0
964,965,Craig,Rose,,Male,,,10.0,Yes,16.996108949416342,2.988446726572529,10.0
965,966,Rachel,Hawkins,Minnesota,Female,,3.0,20.0,No,16.996108949416342,3.0,20.0
966,967,Edward,Warren,Florida,Male,19.0,3.0,15.0,No,19.0,3.0,15.0
967,968,Teresa,Fisher,North Carolina,,,4.0,,Yes,16.996108949416342,4.0,18.011138613861387
968,969,Jean,Gonzales,New York,,,3.0,4.0,No,16.996108949416342,3.0,4.0
969,970,Susan,Nguyen,,Female,18.0,,16.0,Yes,18.0,2.988446726572529,16.0
970,971,Michelle,Greene,Oklahoma,Female,,4.0,8.0,Yes,16.996108949416342,4.0,8.0
971,972,Christopher,Stanley,Colorado,Male,16.0,2.0,29.0,No,16.0,2.0,29.0
972,973,Jeffrey,Mason,Georgia,Male,,4.0,,Yes,16.996108949416342,4.0,18.011138613861387
973,974,Phyllis,Smith,,,,4.0,22.0,Yes,16.996108949416342,4.0,22.0
974,975,Jessica,Montgomery,Michigan,Female,18.0,3.0,18.0,No,18.0,3.0,18.0
975,976,Jessica,Wheeler,California,Female,,2.0,,Yes,16.996108949416342,2.0,18.011138613861387
976,977,Carl,Bryant,Ohio,,17.0,2.0,29.0,No,17.0,2.0,29.0
977,978,Wanda,Rivera,New York,Female,18.0,4.0,16.0,Yes,18.0,4.0,16.0
978,979,Betty,Reid,Delaware,,15.0,3.0,3.0,Yes,15.0,3.0,3.0
979,980,Ruby,Diaz,Ohio,Female,15.0,4.0,30.0,Yes,15.0,4.0,30.0
980,981,Thomas,Myers,Texas,Male,15.0,3.0,2.0,Yes,15.0,3.0,2.0
981,982,Jane,Sims,Texas,Female,19.0,2.0,25.0,No,19.0,2.0,25.0
982,983,Laura,Nelson,,Female,17.0,2.0,,Yes,17.0,2.0,18.011138613861387
983,984,Jessica,Gonzales,Nevada,Female,17.0,3.0,15.0,No,17.0,3.0,15.0
984,985,Ralph,Freeman,California,Male,18.0,3.0,31.0,No,18.0,3.0,31.0
985,986,Jose,Jordan,Connecticut,Male,,4.0,20.0,Yes,16.996108949416342,4.0,20.0
986,987,Andrea,Banks,California,Female,19.0,2.0,11.0,No,19.0,2.0,11.0
987,988,Gloria,Ross,Missouri,,,4.0,,Yes,16.996108949416342,4.0,18.011138613861387
988,989,Harry,Carr,Nebraska,,16.0,,34.0,Yes,16.0,2.988446726572529,34.0
989,990,Anthony,Sanders,District of Columbia,,15.0,4.0,2.0,Yes,15.0,4.0,2.0
990,991,Ruby,King,California,Female,18.0,4.0,14.0,Yes,18.0,4.0,14.0
991,992,Deborah,King,New York,Female,19.0,4.0,31.0,Yes,19.0,4.0,31.0
992,993,Arthur,Green,Oklahoma,Male,,4.0,20.0,Yes,16.996108949416342,4.0,20.0
993,994,Earl,Weaver,Ohio,Male,19.0,2.0,26.0,No,19.0,2.0,26.0
994,995,Ralph,Lopez,District of Columbia,,16.0,4.0,,Yes,16.0,4.0,18.011138613861387
995,996,Frank,Stone,Louisiana,Male,16.0,4.0,25.0,Yes,16.0,4.0,25.0
996,997,Shirley,Garrett,Minnesota,Female,15.0,4.0,,Yes,15.0,4.0,18.011138613861387
997,998,Jane,Rodriguez,Ohio,,17.0,,20.0,Yes,17.0,2.988446726572529,20.0
998,999,Robin,George,California,Female,19.0,,,Yes,19.0,2.988446726572529,18.011138613861387
999,1000,Martin,Fowler,Texas,Male,18.0,3.0,19.0,No,18.0,3.0,19.0
