,ID,First_name,Last_name,State,Gender,Age,GPA,Days_missed,Graduated
0,1,Wayne,Boyd,Florida,Male,19.0,,9.0,Yes
1,2,Ann,Matthews,Pennsylvania,Female,18.0,3.0,,Yes
2,3,George,Matthews,Texas,male,17.0,,10.0,Yes
3,4,Jerry,Ramos,California,Male,15.0,2.0,28.0,No
4,5,Andrea,Carroll,North Carolina,Female,,2.0,29.0,No
5,6,Annie,Fisher,Virginia,Female,19.0,,5.0,Yes
6,7,Stephanie,Barnes,Oklahoma,Female,,3.0,20.0,No
7,8,Janet,Jenkins,Louisiana,Female,15.0,4.0,20.0,Yes
8,9,Betty,Miller,,female,17.0,3.0,23.0,No
9,10,Henry,Woods,Colorado,Male,19.0,4.0,14.0,Yes
10,11,Stephanie,Harris,,Female,,,3.0,Yes
11,12,Samuel,George,Georgia,Male,15.0,3.0,13.0,No
12,13,Todd,Phillips,Indiana,male,,2.0,3.0,Yes
13,14,Nicholas,Rice,Florida,Male,,2.0,8.0,No
14,15,Jacqueline,Wallace,New York,Female,,2.0,26.0,No
15,16,Phyllis,Burton,Texas,Female,16.0,3.0,18.0,No
16,17,Sandra,Hudson,,Female,,4.0,20.0,Yes
17,18,Karen,Bell,Mississippi,Female,17.0,3.0,10.0,No
18,19,Lori,Patterson,New York,Female,18.0,,17.0,Yes
19,20,Ann,Banks,Pennsylvania,Female,15.0,4.0,18.0,Yes
20,21,Sara,Williams,,Female,17.0,,24.0,Yes
21,22,Benjamin,Butler,Connecticut,Male,18.0,,4.0,Yes
22,23,Lori,Lopez,,Female,19.0,3.0,15.0,No
23,24,Ryan,Porter,New York,Male,15.0,2.0,10.0,No
24,25,Anthony,Burke,Texas,male,16.0,2.0,14.0,No
25,26,Katherine,Rodriguez,Arizona,Female,16.0,4.0,3.0,Yes
26,27,Harry,Larson,,Male,18.0,3.0,15.0,No
27,28,Joyce,Patterson,Virginia,Female,18.0,4.0,22.0,Yes
28,29,Jonathan,Wells,Indiana,Male,19.0,,20.0,Yes
29,30,Jesse,Hamilton,New York,Male,19.0,2.0,27.0,No
30,31,Susan,Evans,South Dakota,Female,15.0,2.0,29.0,No
31,32,Kathleen,Lee,New Jersey,female,17.0,3.0,13.0,No
32,33,Steven,Cooper,Arizona,Male,18.0,,20.0,Yes
33,34,Shawn,Fisher,Indiana,Male,,2.0,17.0,No
34,35,Arthur,Campbell,Texas,Male,,,32.0,Yes
35,36,Harold,Flores,New Mexico,Male,19.0,,,Yes
36,37,Bonnie,Parker,California,Female,19.0,2.0,29.0,No
37,38,Doris,Holmes,California,Female,15.0,4.0,20.0,Yes
38,39,Anna,Bradley,Virginia,Female,19.0,4.0,,Yes
39,40,Ruth,Lopez,Ohio,female,16.0,4.0,,Yes
40,41,Wanda,Richards,Texas,Female,16.0,,7.0,Yes
41,42,Jimmy,Kelly,Louisiana,Male,,,10.0,Yes
42,43,Marilyn,Marshall,New York,Female,,,,Yes
43,44,Donna,Jackson,Ohio,Female,19.0,4.0,18.0,Yes
44,45,Judy,Boyd,Louisiana,Female,18.0,,33.0,Yes
45,46,Irene,Johnson,Utah,Female,18.0,2.0,9.0,No
46,47,Frank,Ortiz,Florida,male,16.0,,8.0,Yes
47,48,Mark,Wheeler,California,male,16.0,2.0,13.0,No
48,49,Aaron,Reed,Washington,male,,2.0,21.0,No
49,50,Christina,Little,Ohio,Female,15.0,,21.0,Yes
50,51,Diana,Ross,Texas,Female,,2.0,,Yes
51,52,William,Cooper,New York,Male,18.0,2.0,,Yes
52,53,Joseph,Nichols,Virginia,Male,19.0,3.0,34.0,No
53,54,Stephen,Bailey,Connecticut,male,19.0,4.0,16.0,Yes
54,55,Harold,Powell,Tennessee,Male,,,31.0,Yes
55,56,Kathleen,Cole,Texas,Female,16.0,3.0,5.0,No
56,57,Marilyn,Simmons,South Carolina,Female,18.0,4.0,33.0,Yes
57,58,Susan,Roberts,Pennsylvania,Female,17.0,3.0,,Yes
58,59,Samuel,Elliott,Connecticut,Male,15.0,2.0,9.0,No
59,60,Irene,Collins,District of Columbia,Female,,3.0,9.0,No
60,61,Joshua,Lewis,Missouri,Male,18.0,,15.0,Yes
61,62,Raymond,Hudson,Nebraska,Male,15.0,4.0,7.0,Yes
62,63,Philip,Gomez,Florida,Male,18.0,2.0,7.0,No
63,64,Christopher,Wood,Arizona,Male,,3.0,32.0,No
64,65,Sarah,Garcia,Florida,Female,19.0,2.0,6.0,No
65,66,Antonio,Palmer,Missouri,Male,,2.0,12.0,No
66,67,Ralph,Jacobs,Florida,Male,18.0,2.0,14.0,No
67,68,Patrick,Washington,Virginia,male,,,4.0,Yes
68,69,Henry,Howell,California,Male,,3.0,14.0,No
69,70,Lois,Chavez,Minnesota,female,17.0,4.0,19.0,Yes
70,71,Melissa,Dunn,Massachusetts,Female,17.0,3.0,,Yes
71,72,Eric,Roberts,California,Male,18.0,,32.0,Yes
72,73,Timothy,Smith,California,Male,15.0,4.0,20.0,Yes
73,74,Kelly,Wheeler,New York,Female,16.0,3.0,25.0,No
74,75,Earl,Watson,Texas,Male,,,6.0,Yes
75,76,Fred,Owens,Texas,Male,,4.0,,Yes
76,77,Emily,Frazier,California,female,16.0,3.0,3.0,Yes
77,78,James,Fowler,District of Columbia,Male,17.0,3.0,15.0,No
78,79,Johnny,Myers,Georgia,Male,,,16.0,Yes
79,80,Melissa,Harper,Kansas,female,17.0,3.0,27.0,No
80,81,Joan,Reyes,California,Female,19.0,3.0,4.0,No
81,82,Keith,Sanchez,New York,Male,15.0,2.0,,Yes
82,83,Craig,Tucker,Indiana,Male,19.0,2.0,33.0,No
83,84,Judith,Nguyen,Missouri,Female,,4.0,13.0,Yes
84,85,Kenneth,Ramirez,,Male,19.0,,18.0,Yes
85,86,Margaret,Scott,North Carolina,Female,15.0,,19.0,Yes
86,87,Martha,Moreno,Kentucky,Female,19.0,2.0,,Yes
87,88,Sandra,Nguyen,,Female,,3.0,7.0,No
88,89,Albert,Willis,Utah,Male,18.0,,13.0,Yes
89,90,Shirley,Wheeler,Ohio,Female,,3.0,11.0,No
90,91,Heather,Olson,Texas,Female,,2.0,19.0,No
91,92,Lois,Hanson,Washington,Female,19.0,4.0,31.0,Yes
92,93,Diane,Stanley,Ohio,Female,16.0,,20.0,Yes
93,94,Jack,Williamson,Florida,male,16.0,4.0,31.0,Yes
94,95,Earl,Walker,Louisiana,Male,15.0,3.0,31.0,No
95,96,Justin,Gardner,Nebraska,Male,,,29.0,Yes
96,97,Edward,Hughes,California,Male,18.0,2.0,,Yes
97,98,Lisa,Harper,Florida,Female,15.0,,23.0,Yes
98,99,Amy,Alexander,,Female,19.0,3.0,13.0,No
99,100,Emily,Bradley,,Female,17.0,,5.0,Yes
100,101,Diana,Evans,Texas,female,,3.0,,Yes
101,102,Juan,Romero,Texas,male,16.0,3.0,15.0,No
102,103,Debra,Woods,,Female,19.0,4.0,13.0,Yes
103,104,Donna,Cooper,Florida,Female,15.0,,,Yes
104,105,Jason,Wright,Virginia,Male,17.0,4.0,23.0,Yes
105,106,Mary,Sanchez,Michigan,Female,16.0,2.0,21.0,No
106,107,Steven,Welch,New York,Male,16.0,3.0,17.0,No
107,108,Debra,Larson,Virginia,Female,17.0,4.0,,Yes
108,109,Carlos,Gibson,Connecticut,Male,15.0,4.0,28.0,Yes
109,110,Janet,Johnson,Virginia,Female,17.0,,16.0,Yes
110,111,Kathryn,Welch,Colorado,Female,15.0,4.0,,Yes
111,112,Kathleen,Dixon,New York,Female,,2.0,6.0,No
112,113,Harold,Rivera,,Male,18.0,2.0,10.0,No
113,114,Nancy,Olson,Illinois,Female,15.0,,,Yes
114,115,Daniel,Jacobs,Missouri,Male,15.0,4.0,26.0,Yes
115,116,Eugene,Ferguson,Connecticut,Male,16.0,3.0,15.0,No
116,117,Johnny,Webb,South Carolina,Male,18.0,3.0,16.0,No
117,118,Lillian,Frazier,Nebraska,Female,15.0,4.0,21.0,Yes
118,119,Stephanie,Gomez,,Female,,3.0,31.0,No
119,120,Linda,Wagner,New York,Female,16.0,3.0,29.0,No
120,121,Carlos,Oliver,Florida,Male,16.0,2.0,33.0,No
121,122,Jose,Diaz,,Male,15.0,2.0,12.0,No
122,123,William,Sanchez,,male,15.0,3.0,28.0,No
123,124,Eugene,Harper,Louisiana,Male,19.0,4.0,14.0,Yes
124,125,Louis,Lewis,Utah,Male,15.0,4.0,17.0,Yes
125,126,Janice,Watson,,Female,18.0,3.0,,Yes
126,127,Shawn,Grant,Florida,Male,15.0,,21.0,Yes
127,128,Margaret,Johnston,Texas,Female,19.0,2.0,2.0,Yes
128,129,Laura,Ford,Texas,Female,,3.0,18.0,No
129,130,Lillian,Perez,Colorado,Female,,4.0,19.0,Yes
130,131,Jose,Morgan,Pennsylvania,Male,19.0,2.0,8.0,No
131,132,Andrew,Meyer,,male,17.0,2.0,,Yes
132,133,Joshua,Lynch,Connecticut,Male,18.0,,7.0,Yes
133,134,Sean,Sanders,New York,Male,16.0,2.0,8.0,No
134,135,Bruce,Williamson,Minnesota,male,17.0,,,Yes
135,136,Harry,Reid,Mississippi,Male,,3.0,30.0,No
136,137,Beverly,Wallace,Colorado,Female,19.0,3.0,9.0,No
137,138,Elizabeth,Ryan,Washington,Female,15.0,,3.0,Yes
138,139,James,Russell,Florida,male,19.0,2.0,29.0,No
139,140,Judith,Warren,,Female,17.0,3.0,31.0,No
140,141,Jesse,Woods,,Male,16.0,4.0,6.0,Yes
141,142,Lori,Alvarez,Tennessee,Female,15.0,4.0,25.0,Yes
142,143,Sara,Collins,Minnesota,Female,18.0,3.0,3.0,Yes
143,144,Nicholas,Graham,Georgia,Male,18.0,4.0,,Yes
144,145,Sara,Armstrong,Georgia,Female,16.0,,7.0,Yes
145,146,Ernest,Harper,Alaska,Male,15.0,4.0,32.0,Yes
146,147,Willie,Fisher,Ohio,Male,18.0,,7.0,Yes
147,148,Alan,Daniels,Minnesota,Male,17.0,3.0,7.0,No
148,149,Jason,Moreno,Virginia,Male,,4.0,16.0,Yes
149,150,Rose,Brooks,District of Columbia,Female,15.0,4.0,,Yes
150,151,Shawn,Green,,Male,18.0,,10.0,Yes
151,152,Fred,Henderson,Nevada,Male,19.0,3.0,20.0,No
152,153,Evelyn,Watson,New Jersey,female,18.0,4.0,12.0,Yes
153,154,Wanda,Hawkins,Minnesota,Female,16.0,,30.0,Yes
154,155,Clarence,Baker,New York,Male,19.0,2.0,,Yes
155,156,Juan,Bradley,Kentucky,male,19.0,2.0,14.0,No
156,157,Anne,Stone,New York,female,17.0,2.0,15.0,No
157,158,Raymond,Davis,New Mexico,Male,,,30.0,Yes
158,159,Sharon,Fuller,Texas,Female,17.0,2.0,,Yes
159,160,Raymond,James,Florida,male,15.0,3.0,28.0,No
160,161,Evelyn,Berry,,female,18.0,2.0,25.0,No
161,162,Brandon,Bryant,Delaware,male,,,33.0,Yes
162,163,Maria,Medina,Missouri,female,15.0,3.0,32.0,No
163,164,Pamela,Phillips,Washington,Female,17.0,3.0,23.0,No
164,165,Eugene,Weaver,Washington,Male,19.0,2.0,30.0,No
165,166,Janet,Martin,Kansas,Female,17.0,3.0,2.0,Yes
166,167,Angela,Marshall,Tennessee,female,18.0,3.0,23.0,No
167,168,Tina,Lopez,Nevada,Female,,3.0,,Yes
168,169,Matthew,Cox,District of Columbia,Male,19.0,2.0,5.0,No
169,170,Louise,Morales,Alaska,Female,15.0,2.0,,Yes
170,171,Annie,Oliver,District of Columbia,Female,18.0,,11.0,Yes
171,172,Gregory,Diaz,Michigan,Male,19.0,2.0,22.0,No
172,173,Carolyn,Matthews,Connecticut,Female,16.0,2.0,9.0,No
173,174,Marilyn,Martinez,Florida,female,17.0,3.0,23.0,No
174,175,Carolyn,Daniels,Louisiana,Female,18.0,2.0,33.0,No
175,176,Larry,Ross,Tennessee,Male,17.0,4.0,,Yes
176,177,Brandon,Carpenter,Florida,male,15.0,,18.0,Yes
177,178,Andrea,Fox,Texas,Female,,,11.0,Yes
178,179,Victor,Ferguson,California,Male,18.0,4.0,,Yes
179,180,Katherine,Alexander,Florida,Female,,3.0,28.0,No
180,181,John,Bailey,Virginia,male,17.0,,31.0,Yes
181,182,Eric,Hill,Georgia,Male,15.0,4.0,,Yes
182,183,Randy,Jacobs,Florida,Male,18.0,3.0,34.0,No
183,184,Patricia,Welch,Nevada,female,,3.0,,Yes
184,185,Tammy,Flores,,Female,,3.0,23.0,No
185,186,Mark,Meyer,South Carolina,Male,,3.0,8.0,No
186,187,Brian,Snyder,,Male,18.0,2.0,22.0,No
187,188,Walter,Brown,District of Columbia,Male,15.0,2.0,,Yes
188,189,Patrick,Daniels,Colorado,Male,19.0,3.0,4.0,No
189,190,Diane,Collins,Louisiana,Female,17.0,4.0,25.0,Yes
190,191,Irene,Warren,Kansas,Female,17.0,3.0,,Yes
191,192,Janet,Gibson,Tennessee,Female,19.0,4.0,,Yes
192,193,Eugene,Porter,Kentucky,Male,18.0,3.0,23.0,No
193,194,Amy,Sullivan,Missouri,Female,19.0,3.0,,Yes
194,195,George,Rogers,Michigan,Male,19.0,3.0,15.0,No
195,196,Cheryl,Simmons,Virginia,Female,,4.0,17.0,Yes
196,197,Maria,Torres,,Female,15.0,4.0,6.0,Yes
197,198,Jonathan,Lewis,District of Columbia,Male,15.0,2.0,,Yes
198,199,Jeremy,Dixon,Virginia,Male,15.0,,34.0,Yes
199,200,Raymond,Campbell,Texas,Male,19.0,3.0,24.0,No
200,201,Heather,Foster,,Female,15.0,4.0,24.0,Yes
201,202,Gary,Reid,Pennsylvania,Male,16.0,,14.0,Yes
202,203,Peter,Mitchell,District of Columbia,Male,19.0,3.0,15.0,No
203,204,Jean,Mendoza,Alabama,Female,15.0,4.0,6.0,Yes
204,205,Diane,Rice,Texas,Female,15.0,3.0,28.0,No
205,206,Shawn,Hansen,Kansas,Male,16.0,3.0,28.0,No
206,207,Kathryn,Harris,Texas,Female,16.0,4.0,18.0,Yes
207,208,Jesse,Little,Georgia,Male,16.0,,5.0,Yes
208,209,Joan,Ward,Ohio,Female,19.0,2.0,,Yes
209,210,Frances,Arnold,District of Columbia,Female,17.0,,,Yes
210,211,Maria,Bowman,Virginia,Female,19.0,4.0,,Yes
211,212,Robin,Perry,California,Female,15.0,4.0,2.0,Yes
212,213,Mary,Oliver,,female,18.0,,16.0,Yes
213,214,Catherine,Graham,,Female,,2.0,6.0,No
214,215,Bonnie,Harris,Florida,Female,,,8.0,Yes
215,216,Jeremy,Wood,Nevada,Male,,2.0,5.0,No
216,217,Joan,Hamilton,Arizona,Female,15.0,,,Yes
217,218,Terry,Rogers,Alabama,Male,17.0,4.0,10.0,Yes
218,219,Kenneth,Chapman,Illinois,Male,16.0,3.0,24.0,No
219,220,Anne,Diaz,Texas,Female,16.0,2.0,33.0,No
220,221,Carol,Welch,Texas,female,19.0,3.0,33.0,No
221,222,Paula,Clark,Minnesota,Female,19.0,2.0,33.0,No
222,223,Gary,Nichols,Florida,Male,17.0,,28.0,Yes
223,224,Jose,Snyder,,Male,18.0,2.0,17.0,No
224,225,Catherine,Barnes,Pennsylvania,Female,,,,Yes
225,226,Jack,Henry,Texas,Male,19.0,2.0,12.0,No
226,227,Terry,Thomas,Montana,Male,18.0,4.0,14.0,Yes
227,228,Melissa,Patterson,New York,Female,,4.0,17.0,Yes
228,229,Nancy,Bailey,Colorado,Female,15.0,2.0,31.0,No
229,230,Lisa,Knight,Louisiana,Female,,4.0,3.0,Yes
230,231,Jesse,Medina,Washington,Male,17.0,2.0,28.0,No
231,232,Harry,Holmes,South Carolina,Male,18.0,,13.0,Yes
232,233,Alan,Gonzales,Georgia,Male,,4.0,4.0,Yes
233,234,Jerry,Webb,California,Male,18.0,2.0,10.0,No
234,235,Juan,Ross,Florida,Male,19.0,2.0,,Yes
235,236,Amy,Gomez,New York,Female,19.0,,12.0,Yes
236,237,Patrick,Willis,Illinois,Male,17.0,,30.0,Yes
237,238,Carlos,Wallace,South Carolina,Male,,,33.0,Yes
238,239,Brenda,Marshall,Idaho,Female,,3.0,4.0,No
239,240,Gloria,Brooks,Texas,female,16.0,4.0,34.0,Yes
240,241,Christopher,Morgan,Texas,Male,15.0,3.0,34.0,No
241,242,Angela,Wagner,Texas,Female,16.0,2.0,11.0,No
242,243,Andrew,Lopez,Connecticut,Male,,,,Yes
243,244,Matthew,Greene,Nevada,Male,,2.0,5.0,No
244,245,Earl,Lawson,Massachusetts,Male,15.0,3.0,26.0,No
245,246,William,Matthews,,male,15.0,2.0,20.0,No
246,247,Victor,Palmer,Idaho,male,15.0,3.0,,Yes
247,248,Phillip,Gonzalez,District of Columbia,Male,15.0,,,Yes
248,249,Diana,Jacobs,Florida,Female,18.0,2.0,24.0,No
249,250,Jerry,Sanders,Georgia,Male,19.0,3.0,6.0,No
250,251,Lisa,Owens,West Virginia,Female,16.0,3.0,17.0,No
251,252,Philip,Stone,California,Male,,4.0,,Yes
252,253,Frank,Vasquez,California,Male,15.0,4.0,,Yes
253,254,Eugene,Scott,Florida,Male,,2.0,17.0,No
254,255,Kathy,Lopez,Florida,Female,18.0,3.0,24.0,No
255,256,Justin,Wheeler,California,Male,15.0,4.0,23.0,Yes
256,257,Tina,Schmidt,North Carolina,Female,15.0,3.0,12.0,No
257,258,Ronald,Thomas,Florida,Male,15.0,2.0,20.0,No
258,259,Michelle,Bradley,District of Columbia,Female,16.0,,32.0,Yes
259,260,Andrea,Warren,Florida,Female,18.0,,33.0,Yes
260,261,Richard,Romero,Michigan,Male,,2.0,28.0,No
261,262,Amanda,Reyes,Texas,female,17.0,4.0,33.0,Yes
262,263,Richard,Collins,Kentucky,Male,18.0,2.0,,Yes
263,264,Kenneth,Olson,Illinois,Male,19.0,,,Yes
264,265,Adam,Perry,Georgia,Male,,2.0,34.0,No
265,266,Carl,Montgomery,,Male,,4.0,29.0,Yes
266,267,Harold,Powell,Texas,Male,15.0,2.0,12.0,No
267,268,Donald,Little,Kentucky,male,16.0,2.0,33.0,No
268,269,Amy,Schmidt,California,Female,16.0,,3.0,Yes
269,270,Patricia,Hawkins,California,female,16.0,,,Yes
270,271,Raymond,Hill,District of Columbia,Male,,3.0,29.0,No
271,272,Laura,Watson,Louisiana,Female,19.0,,13.0,Yes
272,273,Nicholas,Morgan,Minnesota,Male,18.0,,,Yes
273,274,Anthony,Franklin,Illinois,Male,,2.0,9.0,No
274,275,Raymond,Shaw,Oregon,Male,19.0,2.0,,Yes
275,276,Denise,Garza,North Carolina,Female,15.0,,30.0,Yes
276,277,Bobby,Butler,District of Columbia,Male,,,14.0,Yes
277,278,Dennis,Baker,Ohio,Male,,,3.0,Yes
278,279,Brenda,Butler,Virginia,Female,16.0,3.0,9.0,No
279,280,Melissa,Morales,District of Columbia,female,19.0,,30.0,Yes
280,281,Amy,Franklin,Florida,female,18.0,3.0,32.0,No
281,282,Juan,Hunt,California,Male,18.0,,8.0,Yes
282,283,Brian,Gibson,California,Male,19.0,4.0,17.0,Yes
283,284,Kathy,Duncan,Florida,Female,15.0,3.0,22.0,No
284,285,Steve,Montgomery,Texas,male,15.0,3.0,27.0,No
285,286,Amy,King,Indiana,Female,15.0,3.0,18.0,No
286,287,Christine,Freeman,Georgia,Female,,3.0,17.0,No
287,288,Sean,Stephens,California,male,18.0,2.0,8.0,No
288,289,Pamela,Hill,,Female,,2.0,25.0,No
289,290,Patrick,Gonzalez,Arizona,Male,,2.0,31.0,No
290,291,Matthew,Sullivan,Texas,Male,16.0,2.0,,Yes
291,292,Joseph,Kelley,,male,,3.0,,Yes
292,293,Anthony,Roberts,Colorado,Male,17.0,2.0,,Yes
293,294,Andrew,Marshall,Louisiana,Male,17.0,4.0,32.0,Yes
294,295,Pamela,Armstrong,Washington,female,17.0,3.0,11.0,No
295,296,Julia,Carr,Texas,Female,17.0,4.0,,Yes
296,297,Ernest,Day,Florida,male,15.0,3.0,17.0,No
297,298,Marie,Ford,Florida,Female,,3.0,,Yes
298,299,Clarence,Medina,District of Columbia,Male,18.0,4.0,,Yes
299,300,Maria,King,California,Female,,2.0,8.0,No
300,301,Evelyn,Robertson,Florida,Female,15.0,,2.0,Yes
301,302,Mark,Frazier,Kentucky,Male,,2.0,3.0,Yes
302,303,Lillian,Knight,Colorado,Female,15.0,3.0,27.0,No
303,304,George,Arnold,Florida,Male,17.0,3.0,32.0,No
304,305,Frances,Parker,Indiana,Female,,3.0,34.0,No
305,306,David,Thompson,Texas,Male,17.0,4.0,4.0,Yes
306,307,Wayne,Diaz,Virginia,male,17.0,4.0,7.0,Yes
307,308,Lawrence,Bradley,West Virginia,male,19.0,4.0,25.0,Yes
308,309,Patricia,Hayes,Florida,Female,19.0,2.0,25.0,No
309,310,Helen,Jordan,South Carolina,Female,18.0,3.0,,Yes
310,311,Stephanie,Moreno,Louisiana,Female,19.0,4.0,,Yes
311,312,Emily,Edwards,New York,Female,,2.0,13.0,No
312,313,Virginia,Howard,New York,female,19.0,3.0,15.0,No
313,314,Anthony,Hart,Indiana,Male,18.0,4.0,,Yes
314,315,Jacqueline,Gomez,,female,16.0,,33.0,Yes
315,316,Gloria,Hunter,California,female,,2.0,3.0,Yes
316,317,Timothy,Gardner,,Male,18.0,4.0,18.0,Yes
317,318,Gregory,Hunt,California,Male,,4.0,10.0,Yes
318,319,Cynthia,Brown,Arizona,Female,,,30.0,Yes
319,320,Nicholas,Campbell,North Carolina,Male,16.0,4.0,,Yes
320,321,Steve,Garcia,Vermont,Male,17.0,3.0,,Yes
321,322,Catherine,Hanson,Virginia,female,18.0,4.0,29.0,Yes
322,323,Jennifer,Gonzales,New York,Female,17.0,3.0,23.0,No
323,324,Judy,Reyes,New York,Female,16.0,3.0,29.0,No
324,325,Scott,Stone,Minnesota,Male,16.0,3.0,5.0,No
325,326,Ryan,Reed,Texas,Male,18.0,2.0,8.0,No
326,327,Randy,Mason,Virginia,Male,,4.0,31.0,Yes
327,328,Victor,Day,North Carolina,male,16.0,,4.0,Yes
328,329,Karen,Vasquez,Delaware,Female,15.0,4.0,23.0,Yes
329,330,Gary,Medina,Michigan,male,15.0,3.0,,Yes
330,331,Donna,Torres,New York,Female,17.0,,,Yes
331,332,Doris,Scott,,female,15.0,3.0,34.0,No
332,333,Donna,Hunter,,Female,,3.0,32.0,No
333,334,Linda,Harvey,Alabama,Female,,2.0,16.0,No
334,335,Patricia,Chapman,Ohio,female,,2.0,23.0,No
335,336,Kimberly,Reynolds,Georgia,Female,15.0,4.0,14.0,Yes
336,337,Annie,Morgan,Texas,Female,16.0,2.0,,Yes
337,338,Jerry,Hanson,,Male,15.0,4.0,9.0,Yes
338,339,Jeffrey,Peterson,New Mexico,male,19.0,2.0,5.0,No
339,340,Anthony,Daniels,Tennessee,Male,16.0,2.0,8.0,No
340,341,Anna,Day,Oklahoma,Female,18.0,2.0,31.0,No
341,342,Debra,Arnold,Florida,Female,17.0,,25.0,Yes
342,343,Judith,Cunningham,California,Female,15.0,4.0,25.0,Yes
343,344,Deborah,Reynolds,Virginia,female,18.0,4.0,22.0,Yes
344,345,Theresa,Garza,,Female,15.0,,,Yes
345,346,Angela,Sanchez,Nevada,Female,19.0,4.0,27.0,Yes
346,347,Timothy,George,Wisconsin,Male,,3.0,19.0,No
347,348,Angela,Jordan,North Carolina,Female,15.0,,23.0,Yes
348,349,Paula,Hunter,,Female,,4.0,5.0,Yes
349,350,Harold,Evans,Colorado,Male,,2.0,34.0,No
350,351,Sara,Burke,Kentucky,Female,19.0,3.0,27.0,No
351,352,Nancy,Bryant,New York,female,18.0,4.0,19.0,Yes
352,353,Anna,Stephens,,Female,16.0,4.0,,Yes
353,354,Joyce,Bryant,California,Female,19.0,3.0,30.0,No
354,355,Joyce,Baker,West Virginia,Female,17.0,2.0,28.0,No
355,356,Gary,Fernandez,Maryland,Male,16.0,3.0,31.0,No
356,357,Terry,Anderson,Washington,Male,18.0,4.0,6.0,Yes
357,358,Carlos,Murphy,Oklahoma,Male,17.0,2.0,7.0,No
358,359,Christina,Cox,Missouri,Female,18.0,2.0,22.0,No
359,360,Bonnie,Morrison,,female,,3.0,23.0,No
360,361,Steven,Hansen,Wisconsin,Male,18.0,,,Yes
361,362,Sara,Perry,North Carolina,Female,,3.0,17.0,No
362,363,Marie,Rice,Washington,Female,18.0,4.0,,Yes
363,364,Christopher,Torres,Pennsylvania,Male,18.0,4.0,25.0,Yes
364,365,Richard,Martin,,male,17.0,,27.0,Yes
365,366,Todd,Hernandez,,male,17.0,,2.0,Yes
366,367,Mary,Patterson,District of Columbia,female,17.0,4.0,13.0,Yes
367,368,Ann,Davis,California,female,16.0,2.0,,Yes
368,369,David,Lynch,Arizona,Male,15.0,,13.0,Yes
369,370,Lisa,Stevens,Alabama,female,16.0,,2.0,Yes
370,371,Beverly,Wells,,Female,,3.0,30.0,No
371,372,Larry,Harper,,Male,17.0,4.0,4.0,Yes
372,373,Dennis,Fields,Ohio,Male,16.0,3.0,34.0,No
373,374,Jessica,Jones,South Carolina,Female,17.0,2.0,3.0,Yes
374,375,Juan,Hernandez,Arizona,male,16.0,3.0,,Yes
375,376,Antonio,Hart,California,Male,18.0,4.0,,Yes
376,377,Janice,Ellis,New Jersey,female,18.0,3.0,,Yes
377,378,Kimberly,Morgan,New York,Female,18.0,2.0,32.0,No
378,379,Betty,Robertson,Texas,Female,19.0,3.0,29.0,No
379,380,Mildred,Morgan,Oklahoma,Female,,2.0,17.0,No
380,381,Wanda,Edwards,District of Columbia,Female,15.0,,,Yes
381,382,Shawn,Little,Pennsylvania,Male,19.0,3.0,10.0,No
382,383,Louis,Nelson,New Mexico,Male,17.0,4.0,14.0,Yes
383,384,Teresa,Roberts,Illinois,Female,16.0,,30.0,Yes
384,385,Judith,Ross,Oklahoma,Female,15.0,,6.0,Yes
385,386,Clarence,Nguyen,California,Male,17.0,,8.0,Yes
386,387,Lois,Collins,,Female,,3.0,,Yes
387,388,Aaron,Bishop,California,Male,17.0,4.0,12.0,Yes
388,389,James,Fields,Virginia,Male,19.0,2.0,,Yes
389,390,Raymond,Myers,Washington,Male,,2.0,25.0,No
390,391,Brandon,Ferguson,Texas,Male,17.0,2.0,23.0,No
391,392,Russell,Cook,New York,Male,,2.0,,Yes
392,393,Kathleen,Burton,Missouri,female,17.0,,,Yes
393,394,Willie,Shaw,Texas,Male,16.0,2.0,,Yes
394,395,Philip,Nichols,District of Columbia,Male,19.0,,34.0,Yes
395,396,Steve,Perkins,South Carolina,Male,,2.0,30.0,No
396,397,Michael,Romero,Kansas,Male,19.0,3.0,12.0,No
397,398,Roy,Garcia,Michigan,Male,15.0,,34.0,Yes
398,399,Tammy,Fields,Tennessee,female,18.0,4.0,29.0,Yes
399,400,Sean,Shaw,,Male,18.0,2.0,24.0,No
400,401,David,Ramirez,California,Male,17.0,2.0,,Yes
401,402,Richard,Alvarez,Pennsylvania,Male,16.0,4.0,19.0,Yes
402,403,Jeffrey,Miller,Oregon,male,19.0,4.0,29.0,Yes
403,404,Edward,Gray,Texas,male,18.0,2.0,30.0,No
404,405,Jack,Bell,New York,Male,17.0,2.0,19.0,No
405,406,Joseph,Mitchell,Colorado,male,17.0,3.0,8.0,No
406,407,Phyllis,Bradley,Florida,female,15.0,3.0,21.0,No
407,408,Lori,Stewart,Texas,Female,16.0,2.0,26.0,No
408,409,Julie,Richardson,Georgia,Female,19.0,,6.0,Yes
409,410,Cynthia,Stanley,South Carolina,Female,15.0,4.0,17.0,Yes
410,411,Kenneth,Johnston,Massachusetts,Male,19.0,4.0,11.0,Yes
411,412,Chris,Sims,California,Male,,2.0,10.0,No
412,413,Brian,Hanson,Massachusetts,Male,17.0,2.0,26.0,No
413,414,Matthew,Ward,New York,Male,15.0,2.0,29.0,No
414,415,Carl,Mason,Indiana,male,19.0,,18.0,Yes
415,416,Richard,Wells,Texas,male,,2.0,,Yes
416,417,Sandra,Daniels,Nebraska,Female,18.0,3.0,,Yes
417,418,Cheryl,Banks,Texas,female,19.0,,6.0,Yes
418,419,Frances,Marshall,Texas,Female,19.0,,30.0,Yes
419,420,Gerald,Stevens,Florida,Male,19.0,4.0,,Yes
420,421,Sean,Perez,California,Male,15.0,4.0,29.0,Yes
421,422,Robert,Flores,,Male,18.0,,17.0,Yes
422,423,Daniel,Lee,,Male,16.0,4.0,7.0,Yes
423,424,Marie,Perry,,female,17.0,3.0,13.0,No
424,425,Cheryl,Cruz,Nebraska,Female,18.0,2.0,16.0,No
425,426,Julia,Bishop,Ohio,female,19.0,,30.0,Yes
426,427,Earl,Bradley,South Carolina,male,19.0,2.0,10.0,No
427,428,Timothy,Watkins,Nevada,Male,16.0,4.0,4.0,Yes
428,429,James,Olson,Louisiana,male,15.0,2.0,,Yes
429,430,Gregory,Ramos,,Male,16.0,3.0,,Yes
430,431,Terry,Reynolds,South Carolina,male,19.0,2.0,33.0,No
431,432,Terry,Murphy,Wisconsin,Male,18.0,,20.0,Yes
432,433,Mark,Cook,New Jersey,Male,15.0,3.0,28.0,No
433,434,Wanda,Weaver,New Jersey,Female,18.0,4.0,22.0,Yes
434,435,Denise,Stewart,Montana,Female,17.0,2.0,23.0,No
435,436,Todd,Gutierrez,Illinois,Male,16.0,2.0,14.0,No
436,437,Debra,Fernandez,New York,Female,16.0,,30.0,Yes
437,438,Lawrence,Flores,District of Columbia,Male,16.0,3.0,6.0,No
438,439,Juan,Duncan,Kentucky,Male,,4.0,10.0,Yes
439,440,Marie,Stewart,Missouri,Female,19.0,2.0,12.0,No
440,441,Frances,Harvey,Massachusetts,Female,15.0,2.0,12.0,No
441,442,Willie,Owens,Washington,Male,16.0,4.0,3.0,Yes
442,443,Katherine,Fields,,Female,17.0,4.0,34.0,Yes
443,444,Donald,Jackson,Texas,Male,15.0,3.0,18.0,No
444,445,Daniel,Young,Pennsylvania,Male,16.0,4.0,2.0,Yes
445,446,Paula,Weaver,California,Female,,2.0,7.0,No
446,447,Robert,Brooks,Texas,Male,15.0,,7.0,Yes
447,448,Norma,Moore,North Carolina,Female,15.0,3.0,25.0,No
448,449,Catherine,Meyer,Indiana,Female,16.0,3.0,34.0,No
449,450,Melissa,Miller,Nevada,Female,18.0,3.0,25.0,No
450,451,Amanda,Grant,Oklahoma,Female,15.0,3.0,33.0,No
451,452,Walter,Meyer,,Male,16.0,,13.0,Yes
452,453,Michelle,Stone,Wisconsin,female,,2.0,23.0,No
453,454,Ashley,Martin,New York,Female,16.0,,32.0,Yes
454,455,Paula,Myers,Massachusetts,Female,18.0,3.0,22.0,No
455,456,Charles,Mitchell,,Male,19.0,3.0,24.0,No
456,457,Julia,Jacobs,,Female,19.0,4.0,32.0,Yes
457,458,Judith,Elliott,North Carolina,Female,16.0,4.0,20.0,Yes
458,459,Steven,Baker,Florida,Male,,2.0,17.0,No
459,460,Gregory,Griffin,South Dakota,Male,17.0,3.0,9.0,No
460,461,Judith,Wright,Florida,female,18.0,,,Yes
461,462,Donald,Banks,Pennsylvania,Male,19.0,3.0,22.0,No
462,463,Lawrence,Lee,Florida,Male,,,7.0,Yes
463,464,Kimberly,Morgan,Illinois,female,16.0,,8.0,Yes
464,465,Patrick,Fields,Indiana,male,15.0,,12.0,Yes
465,466,Aaron,Murphy,Florida,Male,18.0,3.0,12.0,No
466,467,Nancy,Adams,Missouri,Female,17.0,3.0,,Yes
467,468,Virginia,Brown,Florida,Female,15.0,,,Yes
468,469,Mary,Bradley,California,female,19.0,4.0,,Yes
469,470,Wanda,Greene,North Carolina,Female,,3.0,15.0,No
470,471,Judith,Campbell,California,Female,16.0,3.0,34.0,No
471,472,Dorothy,Turner,Kentucky,female,18.0,3.0,14.0,No
472,473,Judy,Phillips,Florida,Female,19.0,4.0,,Yes
473,474,Pamela,Kennedy,Indiana,Female,16.0,,,Yes
474,475,Brandon,Mendoza,Kentucky,Male,15.0,3.0,31.0,No
475,476,Aaron,Mitchell,Arizona,Male,18.0,3.0,24.0,No
476,477,Jeremy,Stephens,California,male,19.0,3.0,19.0,No
477,478,Mary,Miller,Nebraska,Female,15.0,3.0,,Yes
478,479,Paul,Gibson,Alabama,Male,,3.0,,Yes
479,480,Frank,Gonzalez,Florida,Male,18.0,2.0,16.0,No
480,481,Pamela,Grant,Ohio,Female,18.0,,,Yes
481,482,Anne,Dean,Virginia,Female,,2.0,12.0,No
482,483,Joyce,Armstrong,West Virginia,Female,,,,Yes
483,484,Wayne,Palmer,California,Male,,3.0,17.0,No
484,485,Amanda,Ross,California,Female,16.0,4.0,21.0,Yes
485,486,Andrew,Day,Alabama,male,,,30.0,Yes
486,487,Amanda,Crawford,Vermont,Female,19.0,4.0,32.0,Yes
487,488,Matthew,Knight,Maryland,Male,18.0,4.0,6.0,Yes
488,489,Marie,Hawkins,North Carolina,Female,16.0,,13.0,Yes
489,490,Deborah,Hill,Indiana,Female,16.0,3.0,29.0,No
490,491,Cheryl,Russell,Nebraska,female,19.0,3.0,25.0,No
491,492,Martin,Black,Texas,male,15.0,3.0,11.0,No
492,493,Theresa,Martin,California,female,,3.0,16.0,No
493,494,Joyce,Peterson,West Virginia,Female,,3.0,10.0,No
494,495,Frances,Cruz,Virginia,Female,16.0,4.0,9.0,Yes
495,496,Rebecca,Carter,Florida,Female,,,32.0,Yes
496,497,Juan,Robertson,Ohio,Male,,4.0,5.0,Yes
497,498,Kathryn,Jackson,,Female,16.0,,3.0,Yes
498,499,Mary,Young,Pennsylvania,Female,15.0,,30.0,Yes
499,500,Benjamin,Gibson,California,male,,3.0,9.0,No
500,501,Diane,Ellis,Colorado,Female,,4.0,,Yes
501,502,Susan,Lewis,Texas,Female,,2.0,8.0,No
502,503,Frank,Jacobs,Washington,Male,15.0,2.0,23.0,No
503,504,Doris,Ortiz,Washington,Female,17.0,4.0,19.0,Yes
504,505,Ashley,Sims,Massachusetts,Female,18.0,4.0,18.0,Yes
505,506,David,Ross,Kentucky,Male,15.0,4.0,,Yes
506,507,Christina,Schmidt,Texas,female,19.0,,13.0,Yes
507,508,Scott,Johnson,Florida,Male,17.0,4.0,12.0,Yes
508,509,Jerry,Fox,Illinois,male,19.0,2.0,14.0,No
509,510,Ryan,Woods,Texas,Male,17.0,3.0,18.0,No
510,511,Nancy,Palmer,New Jersey,Female,,,26.0,Yes
511,512,Robert,Gomez,Texas,male,,3.0,6.0,No
512,513,Robin,Bailey,Illinois,Female,17.0,2.0,18.0,No
513,514,Kevin,Mitchell,Mississippi,Male,18.0,4.0,,Yes
514,515,Jose,Gordon,Louisiana,Male,,3.0,15.0,No
515,516,Catherine,Bradley,Arizona,Female,17.0,2.0,15.0,No
516,517,Helen,Robertson,Colorado,Female,18.0,2.0,15.0,No
517,518,Roy,Mccoy,Missouri,Male,15.0,3.0,,Yes
518,519,Jimmy,Hicks,Minnesota,male,18.0,3.0,2.0,Yes
519,520,Justin,Gibson,Illinois,Male,18.0,2.0,29.0,No
520,521,Virginia,Reed,Wisconsin,female,18.0,,30.0,Yes
521,522,Doris,Collins,Ohio,female,19.0,,26.0,Yes
522,523,Larry,Fernandez,Colorado,Male,,4.0,,Yes
523,524,Andrew,Ross,Tennessee,Male,,,21.0,Yes
524,525,Patrick,Harvey,Minnesota,Male,15.0,,27.0,Yes
525,526,Kelly,Franklin,,female,16.0,4.0,34.0,Yes
526,527,Terry,Armstrong,Missouri,Male,18.0,2.0,12.0,No
527,528,Louis,Martin,District of Columbia,male,18.0,,16.0,Yes
528,529,Beverly,Medina,District of Columbia,Female,16.0,4.0,28.0,Yes
529,530,Carl,Rodriguez,Arizona,male,15.0,2.0,20.0,No
530,531,Stephen,Stanley,New York,Male,15.0,,10.0,Yes
531,532,Ernest,Nguyen,Texas,Male,15.0,4.0,10.0,Yes
532,533,Emily,Hamilton,Ohio,female,16.0,4.0,25.0,Yes
533,534,Henry,Daniels,Massachusetts,male,18.0,4.0,16.0,Yes
534,535,Teresa,Grant,Virginia,female,16.0,3.0,16.0,No
535,536,Alice,Martinez,Missouri,Female,19.0,2.0,27.0,No
536,537,Alan,Campbell,,Male,17.0,2.0,3.0,Yes
537,538,Henry,Murphy,California,male,15.0,2.0,26.0,No
538,539,Sean,Dean,New Jersey,Male,,4.0,6.0,Yes
539,540,Janice,Gilbert,Texas,Female,15.0,2.0,,Yes
540,541,Alice,Snyder,Arkansas,Female,15.0,3.0,2.0,Yes
541,542,Debra,Meyer,Alabama,Female,,2.0,,Yes
542,543,Cynthia,Stewart,Missouri,Female,15.0,2.0,7.0,No
543,544,Phillip,Olson,Tennessee,Male,,3.0,19.0,No
544,545,Thomas,Mcdonald,Texas,male,17.0,4.0,8.0,Yes
545,546,David,Hart,Indiana,male,17.0,3.0,,Yes
546,547,Walter,Lawson,District of Columbia,Male,17.0,2.0,28.0,No
547,548,Pamela,Stewart,Texas,Female,19.0,2.0,8.0,No
548,549,Linda,Montgomery,Georgia,Female,15.0,2.0,27.0,No
549,550,Jesse,Henry,Michigan,Male,17.0,,,Yes
550,551,James,Richards,New Mexico,Male,15.0,,14.0,Yes
551,552,Ryan,Johnston,Florida,Male,,4.0,22.0,Yes
552,553,Kathleen,Ford,Florida,female,18.0,4.0,17.0,Yes
553,554,Samuel,Young,Delaware,Male,19.0,3.0,25.0,No
554,555,Albert,Perez,Virginia,Male,19.0,,6.0,Yes
555,556,Teresa,Gomez,California,Female,15.0,4.0,19.0,Yes
556,557,Johnny,Allen,,Male,15.0,,21.0,Yes
557,558,Louise,James,Kentucky,female,16.0,,25.0,Yes
558,559,Victor,Robinson,Arizona,male,19.0,2.0,33.0,No
559,560,Joshua,Hart,Tennessee,Male,18.0,4.0,21.0,Yes
560,561,Arthur,Ryan,California,Male,18.0,,22.0,Yes
561,562,Michelle,Kim,Indiana,Female,,3.0,15.0,No
562,563,Lawrence,Thompson,North Carolina,Male,16.0,,4.0,Yes
563,564,Roy,Stevens,Oklahoma,Male,15.0,2.0,,Yes
564,565,Keith,Warren,Ohio,Male,,3.0,15.0,No
565,566,Shawn,Torres,,male,19.0,4.0,,Yes
566,567,Jesse,Ortiz,Tennessee,Male,,4.0,21.0,Yes
567,568,Raymond,Miller,Ohio,Male,,2.0,18.0,No
568,569,Daniel,Fields,Kentucky,Male,17.0,3.0,23.0,No
569,570,Helen,Day,Massachusetts,Female,15.0,2.0,17.0,No
570,571,Bonnie,Jackson,California,Female,19.0,,28.0,Yes
571,572,Betty,Anderson,Alabama,Female,17.0,,29.0,Yes
572,573,Dennis,Ortiz,Iowa,Male,16.0,,22.0,Yes
573,574,Larry,Graham,Virginia,Male,18.0,3.0,,Yes
574,575,Russell,Bell,Oklahoma,Male,18.0,3.0,11.0,No
575,576,Elizabeth,Hill,Oregon,Female,17.0,,7.0,Yes
576,577,Lori,Gordon,Texas,female,,2.0,28.0,No
577,578,Michelle,Moore,,Female,16.0,,30.0,Yes
578,579,Beverly,Gordon,Texas,Female,17.0,3.0,15.0,No
579,580,Kathryn,Brooks,Tennessee,female,18.0,2.0,9.0,No
580,581,Heather,Hawkins,District of Columbia,Female,16.0,,21.0,Yes
581,582,Anna,Pierce,Indiana,female,17.0,,18.0,Yes
582,583,Lois,Adams,Kentucky,Female,19.0,3.0,24.0,No
583,584,Ronald,Collins,Florida,Male,19.0,3.0,26.0,No
584,585,Bruce,Perez,Texas,Male,15.0,2.0,,Yes
585,586,Robert,Patterson,Utah,male,16.0,,34.0,Yes
586,587,Lisa,Medina,Florida,female,15.0,2.0,4.0,No
587,588,Judith,Reed,Florida,Female,,4.0,4.0,Yes
588,589,Carol,Hernandez,Minnesota,Female,19.0,,27.0,Yes
589,590,Timothy,Davis,Hawaii,Male,19.0,2.0,32.0,No
590,591,Mark,Nguyen,Arkansas,Male,,2.0,,Yes
591,592,Arthur,Miller,Louisiana,Male,,,26.0,Yes
592,593,Bruce,Foster,,Male,19.0,4.0,13.0,Yes
593,594,Walter,Garcia,California,Male,15.0,2.0,28.0,No
594,595,Cheryl,Rice,Pennsylvania,Female,16.0,2.0,4.0,No
595,596,Earl,Bennett,Texas,Male,,,,Yes
596,597,Carlos,Gray,Virginia,Male,,4.0,,Yes
597,598,Janet,Franklin,Florida,female,,3.0,,Yes
598,599,Doris,Murray,,Female,17.0,4.0,3.0,Yes
599,600,Amy,Powell,,Female,15.0,2.0,31.0,No
600,601,Pamela,Boyd,Pennsylvania,Female,15.0,4.0,10.0,Yes
601,602,Sarah,Butler,Ohio,Female,,3.0,27.0,No
602,603,Peter,Martin,Washington,Male,19.0,3.0,30.0,No
603,604,Jean,Washington,,Female,15.0,2.0,19.0,No
604,605,James,Lane,Arizona,male,15.0,,30.0,Yes
605,606,Theresa,Simpson,District of Columbia,female,18.0,2.0,,Yes
606,607,Elizabeth,Miller,Colorado,Female,16.0,3.0,,Yes
607,608,Carlos,Freeman,California,male,19.0,3.0,22.0,No
608,609,Rachel,Barnes,Alabama,Female,19.0,,26.0,Yes
609,610,Thomas,Ross,Florida,Male,,2.0,26.0,No
610,611,Dorothy,Boyd,Washington,Female,15.0,2.0,6.0,No
611,612,Karen,Torres,Florida,female,17.0,4.0,27.0,Yes
612,613,Nancy,Duncan,California,Female,19.0,3.0,13.0,No
613,614,Jeremy,Rose,California,Male,17.0,2.0,,Yes
614,615,Johnny,Berry,Texas,Male,15.0,2.0,,Yes
615,616,Shawn,George,District of Columbia,Male,15.0,,6.0,Yes
616,617,Bobby,Hill,Florida,Male,,4.0,27.0,Yes
617,618,Debra,Robinson,Oregon,Female,17.0,4.0,30.0,Yes
618,619,Fred,Sanchez,Michigan,Male,,3.0,3.0,Yes
619,620,Johnny,Wood,,Male,18.0,4.0,,Yes
620,621,Richard,Murray,Indiana,Male,17.0,4.0,7.0,Yes
621,622,Antonio,Crawford,West Virginia,male,19.0,,30.0,Yes
622,623,Catherine,Ross,Maine,Female,18.0,2.0,30.0,No
623,624,Larry,Wagner,New Jersey,Male,15.0,4.0,3.0,Yes
624,625,Adam,Fernandez,,Male,16.0,3.0,29.0,No
625,626,Anne,Kelley,Ohio,Female,16.0,2.0,33.0,No
626,627,Nicholas,Washington,Indiana,Male,18.0,4.0,22.0,Yes
627,628,Christina,Roberts,California,Female,17.0,2.0,4.0,No
628,629,Diana,Ryan,Texas,Female,15.0,2.0,14.0,No
629,630,Antonio,King,Michigan,Male,17.0,,,Yes
630,631,Linda,Matthews,Wisconsin,Female,,4.0,2.0,Yes
631,632,Rachel,Collins,Texas,female,19.0,4.0,,Yes
632,633,Bruce,Bell,Texas,Male,18.0,4.0,5.0,Yes
633,634,Amanda,Fisher,Indiana,Female,,,28.0,Yes
634,635,Melissa,Cole,Texas,female,18.0,3.0,25.0,No
635,636,Lois,Hayes,Wisconsin,Female,,4.0,28.0,Yes
636,637,Jennifer,Lopez,,Female,16.0,4.0,16.0,Yes
637,638,Robin,Grant,Alabama,female,,2.0,3.0,Yes
638,639,Katherine,Bishop,Oregon,Female,19.0,,10.0,Yes
639,640,Kathleen,Ramos,California,Female,,2.0,13.0,No
640,641,Arthur,Sanchez,Georgia,male,16.0,4.0,,Yes
641,642,Ann,Perkins,New Hampshire,female,17.0,3.0,9.0,No
642,643,Brandon,King,Michigan,male,,2.0,6.0,No
643,644,Nicole,Ortiz,Illinois,Female,18.0,2.0,,Yes
644,645,Sean,Nguyen,Texas,male,19.0,,24.0,Yes
645,646,Gloria,Wheeler,Texas,Female,,2.0,5.0,No
646,647,Phillip,Reid,,male,15.0,4.0,11.0,Yes
647,648,Billy,Morrison,Minnesota,Male,19.0,,,Yes
648,649,Betty,Mcdonald,Ohio,Female,17.0,2.0,33.0,No
649,650,Shirley,Ortiz,,Female,18.0,2.0,,Yes
650,651,Karen,Simmons,California,Female,18.0,,7.0,Yes
651,652,Antonio,Taylor,District of Columbia,Male,17.0,4.0,29.0,Yes
652,653,Janice,Clark,West Virginia,Female,,2.0,,Yes
653,654,Stephen,Simpson,New Jersey,male,16.0,2.0,3.0,Yes
654,655,Kathleen,Brown,,Female,16.0,2.0,9.0,No
655,656,Phillip,Morales,Illinois,Male,18.0,2.0,6.0,No
656,657,Joe,Watson,,Male,,3.0,16.0,No
657,658,Melissa,Harrison,Texas,Female,,4.0,24.0,Yes
658,659,Carlos,Carpenter,California,Male,18.0,3.0,4.0,No
659,660,Theresa,Matthews,Hawaii,Female,,4.0,18.0,Yes
660,661,Sarah,Crawford,Virginia,female,19.0,,34.0,Yes
661,662,Christina,Grant,Florida,Female,,,12.0,Yes
662,663,Carol,Powell,Illinois,Female,,4.0,31.0,Yes
663,664,Eugene,Lewis,Missouri,Male,16.0,3.0,19.0,No
664,665,Chris,Hunt,Pennsylvania,Male,,4.0,23.0,Yes
665,666,Mildred,Ross,West Virginia,female,18.0,,24.0,Yes
666,667,Nicole,Hart,Texas,Female,,2.0,,Yes
667,668,John,Richards,Texas,male,,4.0,25.0,Yes
668,669,Brandon,Lawson,Pennsylvania,Male,19.0,3.0,29.0,No
669,670,Stephanie,Henry,New York,female,18.0,2.0,14.0,No
670,671,Janet,Ray,,Female,,3.0,19.0,No
671,672,Terry,Gray,Colorado,male,,,34.0,Yes
672,673,Antonio,Perez,North Carolina,Male,17.0,2.0,14.0,No
673,674,Donna,Russell,Ohio,Female,,4.0,,Yes
674,675,Theresa,Kennedy,Indiana,female,15.0,2.0,31.0,No
675,676,Jack,Morrison,Alabama,male,,2.0,,Yes
676,677,Louis,Rodriguez,Pennsylvania,Male,16.0,3.0,,Yes
677,678,Gregory,Mccoy,Washington,Male,18.0,2.0,,Yes
678,679,Gloria,Snyder,Florida,Female,16.0,3.0,7.0,No
679,680,Phyllis,Wagner,,Female,18.0,3.0,12.0,No
680,681,Mildred,Fernandez,North Carolina,female,15.0,2.0,21.0,No
681,682,Jean,Sullivan,Arizona,female,19.0,2.0,9.0,No
682,683,Christina,Woods,New York,Female,15.0,2.0,13.0,No
683,684,Paula,Webb,Minnesota,Female,16.0,2.0,17.0,No
684,685,Annie,Kennedy,Nevada,female,,4.0,24.0,Yes
685,686,Heather,Adams,Texas,Female,,,8.0,Yes
686,687,Katherine,Oliver,Virginia,Female,,4.0,10.0,Yes
687,688,Fred,Gonzalez,Idaho,male,17.0,4.0,,Yes
688,689,Beverly,Kelley,Arkansas,female,18.0,2.0,25.0,No
689,690,Evelyn,White,Massachusetts,Female,17.0,3.0,33.0,No
690,691,Arthur,Wood,Indiana,Male,17.0,3.0,26.0,No
691,692,Larry,Bennett,Ohio,Male,15.0,3.0,28.0,No
692,693,Sharon,Romero,North Carolina,female,17.0,,25.0,Yes
693,694,Michelle,Foster,California,female,17.0,3.0,27.0,No
694,695,Philip,Watkins,Arizona,Male,19.0,,21.0,Yes
695,696,Henry,King,District of Columbia,male,,2.0,,Yes
696,697,Daniel,Peterson,Texas,Male,,3.0,22.0,No
697,698,Daniel,Bowman,Kentucky,male,16.0,4.0,31.0,Yes
698,699,Martha,Alvarez,Colorado,Female,16.0,2.0,13.0,No
699,700,Kathryn,Medina,Texas,Female,19.0,2.0,,Yes
700,701,John,Patterson,,Male,15.0,2.0,4.0,No
701,702,Michael,Shaw,Florida,Male,18.0,,26.0,Yes
702,703,Janice,Matthews,Kentucky,female,15.0,3.0,34.0,No
703,704,Chris,Little,Michigan,Male,16.0,,25.0,Yes
704,705,Martin,Holmes,Florida,Male,,4.0,16.0,Yes
705,706,Debra,Morris,Ohio,Female,,,19.0,Yes
706,707,Robin,Ryan,,Female,15.0,4.0,15.0,Yes
707,708,Jason,Richardson,Ohio,Male,16.0,3.0,19.0,No
708,709,Harry,Williamson,Pennsylvania,male,19.0,4.0,13.0,Yes
709,710,Russell,Anderson,District of Columbia,Male,17.0,4.0,30.0,Yes
710,711,Johnny,Chapman,,Male,,2.0,12.0,No
711,712,Maria,Stevens,Colorado,Female,16.0,2.0,3.0,Yes
712,713,David,Riley,New York,male,18.0,,,Yes
713,714,Bobby,Anderson,Pennsylvania,male,,4.0,17.0,Yes
714,715,Stephen,Olson,Florida,Male,19.0,,10.0,Yes
715,716,Ann,Coleman,Washington,female,17.0,2.0,,Yes
716,717,Diane,Vasquez,New York,Female,15.0,4.0,14.0,Yes
717,718,Gloria,Hughes,Ohio,Female,19.0,2.0,,Yes
718,719,Cynthia,Garza,Ohio,Female,18.0,3.0,24.0,No
719,720,Louise,Edwards,Indiana,Female,17.0,3.0,31.0,No
720,721,Kimberly,Montgomery,,female,17.0,2.0,20.0,No
721,722,Brandon,Perry,California,male,,3.0,15.0,No
722,723,Shirley,Ford,North Carolina,Female,17.0,2.0,34.0,No
723,724,Phillip,Alvarez,Illinois,Male,16.0,2.0,,Yes
724,725,Howard,Lawrence,New York,Male,19.0,4.0,33.0,Yes
725,726,Stephanie,Johnson,Pennsylvania,Female,18.0,,,Yes
726,727,Sara,Meyer,California,Female,18.0,2.0,9.0,No
727,728,Keith,Fernandez,District of Columbia,Male,19.0,3.0,8.0,No
728,729,Samuel,Allen,Illinois,Male,16.0,4.0,12.0,Yes
729,730,Carol,Burke,New York,Female,15.0,,29.0,Yes
730,731,Martha,Gordon,Illinois,Female,15.0,,22.0,Yes
731,732,Katherine,Fox,,Female,17.0,4.0,,Yes
732,733,Stephanie,Graham,Missouri,Female,17.0,,8.0,Yes
733,734,Roger,Snyder,Kansas,male,18.0,4.0,21.0,Yes
734,735,Mark,Bishop,Ohio,Male,15.0,2.0,11.0,No
735,736,Pamela,Wilson,,Female,19.0,,20.0,Yes
736,737,Philip,Perkins,Florida,Male,,4.0,,Yes
737,738,Clarence,Stevens,Colorado,Male,,,14.0,Yes
738,739,Robert,Larson,Iowa,male,18.0,,3.0,Yes
739,740,Bruce,Howard,,Male,,2.0,20.0,No
740,741,Karen,Turner,Missouri,Female,16.0,4.0,28.0,Yes
741,742,Thomas,Baker,Missouri,Male,15.0,2.0,20.0,No
742,743,Thomas,Hayes,California,Male,,4.0,5.0,Yes
743,744,Larry,Butler,Arizona,Male,16.0,3.0,28.0,No
744,745,Anne,Butler,California,female,17.0,,33.0,Yes
745,746,Henry,Peters,,male,19.0,2.0,14.0,No
746,747,Patrick,Brooks,California,Male,19.0,3.0,,Yes
747,748,Eugene,Brooks,California,Male,16.0,4.0,13.0,Yes
748,749,Melissa,King,Virginia,Female,18.0,,34.0,Yes
749,750,Margaret,Black,New York,female,18.0,4.0,,Yes
750,751,Kimberly,Day,Florida,female,19.0,2.0,6.0,No
751,752,Joyce,Matthews,New York,Female,,4.0,27.0,Yes
752,753,Julia,Hawkins,Texas,Female,17.0,4.0,7.0,Yes
753,754,Michelle,Gonzalez,Michigan,Female,17.0,4.0,18.0,Yes
754,755,Jessica,Elliott,Minnesota,female,,4.0,28.0,Yes
755,756,Joyce,Murphy,,Female,,4.0,5.0,Yes
756,757,Joe,Howell,,male,15.0,2.0,20.0,No
757,758,Steven,George,Oregon,male,16.0,,11.0,Yes
758,759,George,Gomez,California,Male,19.0,4.0,2.0,Yes
759,760,Annie,Hamilton,South Carolina,Female,15.0,,13.0,Yes
760,761,Michael,James,Georgia,Male,,2.0,33.0,No
761,762,Jimmy,Holmes,,Male,17.0,3.0,26.0,No
762,763,Helen,Mcdonald,California,Female,18.0,2.0,15.0,No
763,764,Diane,Freeman,,Female,,2.0,,Yes
764,765,Lois,Peters,Pennsylvania,Female,19.0,4.0,31.0,Yes
765,766,Brenda,Martin,Texas,female,16.0,,,Yes
766,767,Christina,Daniels,Virginia,Female,19.0,,,Yes
767,768,Betty,Rose,Hawaii,Female,17.0,3.0,6.0,No
768,769,Beverly,Burns,Virginia,Female,,4.0,8.0,Yes
769,770,Wayne,Brooks,,Male,,3.0,30.0,No
770,771,Ralph,Watkins,District of Columbia,Male,15.0,,17.0,Yes
771,772,Gerald,James,Tennessee,Male,17.0,2.0,,Yes
772,773,Nicole,Ramos,Texas,Female,16.0,,12.0,Yes
773,774,Mildred,Williamson,,female,16.0,2.0,27.0,No
774,775,Jerry,Hart,Tennessee,male,19.0,2.0,34.0,No
775,776,Russell,Scott,Wisconsin,Male,19.0,4.0,29.0,Yes
776,777,Louise,Lane,Pennsylvania,Female,17.0,4.0,34.0,Yes
777,778,Donna,Ramirez,Texas,female,16.0,3.0,6.0,No
778,779,Frank,Miller,Texas,Male,,2.0,13.0,No
779,780,Kimberly,Gordon,Minnesota,female,15.0,,,Yes
780,781,Lois,Hansen,New York,female,17.0,2.0,12.0,No
781,782,Alan,Pierce,California,Male,18.0,3.0,20.0,No
782,783,Debra,Smith,New York,Female,17.0,2.0,5.0,No
783,784,Jennifer,Armstrong,California,Female,17.0,3.0,26.0,No
784,785,Douglas,Fernandez,Florida,Male,19.0,3.0,27.0,No
785,786,Judith,Alvarez,Michigan,female,15.0,4.0,15.0,Yes
786,787,Roy,Owens,Virginia,Male,,4.0,19.0,Yes
787,788,Doris,Long,Illinois,Female,16.0,4.0,,Yes
788,789,Diana,Hill,Missouri,Female,19.0,,,Yes
789,790,Carolyn,Kelley,Texas,Female,17.0,2.0,19.0,No
790,791,Wayne,Rogers,Alaska,Male,,3.0,16.0,No
791,792,Lisa,Romero,,Female,17.0,3.0,2.0,Yes
792,793,Ryan,Walker,Massachusetts,Male,16.0,,,Yes
793,794,Rose,Ward,Texas,female,19.0,4.0,27.0,Yes
794,795,Gary,Baker,Alabama,Male,19.0,3.0,31.0,No
795,796,Lillian,Fields,Tennessee,Female,19.0,4.0,8.0,Yes
796,797,Kelly,Lopez,Alaska,female,,,3.0,Yes
797,798,Christopher,Butler,Minnesota,male,17.0,2.0,31.0,No
798,799,Mildred,Gray,Virginia,Female,19.0,,,Yes
799,800,Carol,Ward,Indiana,female,16.0,2.0,33.0,No
800,801,Justin,Clark,California,male,,4.0,9.0,Yes
801,802,Angela,Crawford,Ohio,Female,,3.0,4.0,No
802,803,Clarence,Robinson,Texas,male,15.0,3.0,18.0,No
803,804,Jack,Peters,Nevada,male,15.0,3.0,2.0,Yes
804,805,Julia,Lee,Pennsylvania,Female,15.0,4.0,,Yes
805,806,Adam,Chapman,Georgia,Male,,4.0,18.0,Yes
806,807,Jean,Davis,California,Female,16.0,4.0,3.0,Yes
807,808,Ernest,Davis,California,Male,17.0,,,Yes
808,809,Anthony,Ross,Washington,Male,19.0,4.0,4.0,Yes
809,810,Jeffrey,Berry,Pennsylvania,male,15.0,2.0,26.0,No
810,811,Jacqueline,Cunningham,Hawaii,Female,,4.0,31.0,Yes
811,812,Angela,Banks,Florida,Female,19.0,2.0,,Yes
812,813,Amy,Ortiz,Oklahoma,Female,18.0,,4.0,Yes
813,814,Angela,Morrison,,Female,16.0,4.0,7.0,Yes
814,815,Gary,Matthews,California,Male,18.0,3.0,4.0,No
815,816,Heather,Lynch,Texas,Female,18.0,2.0,,Yes
816,817,Phyllis,Edwards,Florida,female,,3.0,17.0,No
817,818,Sarah,Lawson,,female,16.0,2.0,20.0,No
818,819,Andrew,Reyes,Texas,Male,15.0,2.0,15.0,No
819,820,Deborah,Lawson,Florida,female,16.0,2.0,14.0,No
820,821,Paul,Stevens,,Male,18.0,3.0,14.0,No
821,822,Nancy,Oliver,Indiana,female,15.0,2.0,19.0,No
822,823,Dennis,Carpenter,Indiana,Male,17.0,,7.0,Yes
823,824,Patrick,Ross,Texas,male,17.0,4.0,26.0,Yes
824,825,Gary,Holmes,,Male,17.0,,,Yes
825,826,Kimberly,Torres,,female,,3.0,32.0,No
826,827,Amy,Miller,,Female,18.0,,31.0,Yes
827,828,Ruth,Parker,South Carolina,Female,,4.0,4.0,Yes
828,829,Juan,Collins,Vermont,Male,17.0,4.0,14.0,Yes
829,830,Mary,Mason,Texas,Female,19.0,4.0,19.0,Yes
830,831,Kathryn,Alexander,New Jersey,Female,19.0,2.0,17.0,No
831,832,Kenneth,Moreno,,Male,19.0,2.0,14.0,No
832,833,Mildred,Welch,Texas,Female,15.0,3.0,15.0,No
833,834,Louis,Riley,Utah,Male,,4.0,,Yes
834,835,Roy,Butler,Texas,Male,19.0,3.0,18.0,No
835,836,Diane,Pierce,Indiana,Female,17.0,3.0,2.0,Yes
836,837,Randy,Mendoza,Ohio,Male,,,11.0,Yes
837,838,Irene,Cole,Texas,Female,16.0,4.0,23.0,Yes
838,839,James,Myers,Illinois,Male,18.0,4.0,9.0,Yes
839,840,Barbara,Turner,Pennsylvania,Female,17.0,2.0,32.0,No
840,841,Andrea,Duncan,Ohio,Female,18.0,4.0,24.0,Yes
841,842,Tammy,Stone,,female,15.0,3.0,4.0,No
842,843,Cheryl,Harvey,,female,,4.0,4.0,Yes
843,844,Gloria,Ramos,Kansas,female,16.0,4.0,23.0,Yes
844,845,Julia,White,District of Columbia,Female,15.0,3.0,11.0,No
845,846,Alan,Crawford,California,Male,17.0,4.0,,Yes
846,847,Rachel,Lee,,Female,19.0,3.0,27.0,No
847,848,Laura,Mitchell,Colorado,Female,18.0,4.0,,Yes
848,849,Christina,Moore,New York,Female,19.0,3.0,22.0,No
849,850,Marie,Wood,Michigan,female,,,27.0,Yes
850,851,Jean,Gonzalez,Missouri,Female,17.0,3.0,23.0,No
851,852,Gloria,Edwards,California,female,18.0,4.0,,Yes
852,853,Kathy,Bailey,New York,Female,19.0,3.0,,Yes
853,854,Heather,Owens,,Female,15.0,,,Yes
854,855,Ruth,Carroll,Kentucky,Female,,,14.0,Yes
855,856,Jimmy,Bryant,Pennsylvania,Male,16.0,,4.0,Yes
856,857,Thomas,Tucker,California,Male,,3.0,8.0,No
857,858,Janet,Murphy,Michigan,Female,17.0,,6.0,Yes
858,859,Angela,Kelly,Connecticut,Female,15.0,4.0,32.0,Yes
859,860,Douglas,Burke,Illinois,male,16.0,3.0,8.0,No
860,861,Justin,Bennett,,Male,15.0,2.0,3.0,Yes
861,862,Kevin,Robinson,Montana,Male,,3.0,25.0,No
862,863,Pamela,Hudson,,Female,16.0,,,Yes
863,864,Barbara,Mccoy,New York,female,19.0,3.0,15.0,No
864,865,Sara,Garcia,Louisiana,Female,19.0,3.0,21.0,No
865,866,John,Fields,,Male,,4.0,14.0,Yes
866,867,Joe,Franklin,Ohio,Male,15.0,2.0,15.0,No
867,868,Ruby,Long,Minnesota,female,,4.0,4.0,Yes
868,869,Phyllis,Oliver,Michigan,Female,17.0,4.0,27.0,Yes
869,870,Patrick,Barnes,Texas,Male,17.0,3.0,7.0,No
870,871,Joshua,Butler,,Male,18.0,4.0,,Yes
871,872,Janet,Cox,Texas,Female,,3.0,9.0,No
872,873,William,Harris,Alabama,Male,18.0,3.0,6.0,No
873,874,Diana,Howard,Minnesota,Female,15.0,,,Yes
874,875,Joe,Hicks,Florida,Male,15.0,3.0,,Yes
875,876,Amy,Walker,Alabama,Female,,,29.0,Yes
876,877,Matthew,Brown,Iowa,Male,19.0,3.0,6.0,No
877,878,Adam,Larson,District of Columbia,male,,3.0,27.0,No
878,879,Victor,Kelley,California,male,17.0,3.0,,Yes
879,880,Amanda,Reyes,District of Columbia,Female,15.0,,9.0,Yes
880,881,Aaron,Shaw,Texas,male,15.0,2.0,5.0,No
881,882,Kevin,Campbell,California,Male,17.0,4.0,28.0,Yes
882,883,Evelyn,Watson,South Carolina,female,15.0,2.0,14.0,No
883,884,Amy,Nguyen,New York,Female,18.0,2.0,30.0,No
884,885,Betty,Stone,Colorado,female,17.0,2.0,31.0,No
885,886,Susan,Spencer,Missouri,female,19.0,4.0,17.0,Yes
886,887,Patricia,Hernandez,Arizona,female,19.0,4.0,14.0,Yes
887,888,Jesse,Hunter,Pennsylvania,male,18.0,2.0,16.0,No
888,889,Mark,Parker,New York,Male,,4.0,,Yes
889,890,Deborah,Franklin,,Female,16.0,4.0,31.0,Yes
890,891,Sharon,Dixon,District of Columbia,Female,19.0,3.0,12.0,No
891,892,Ruth,Larson,Washington,Female,18.0,4.0,,Yes
892,893,Gerald,Mendoza,Florida,Male,17.0,3.0,7.0,No
893,894,Gregory,Green,Arizona,Male,15.0,4.0,6.0,Yes
894,895,Eric,Greene,California,Male,15.0,3.0,33.0,No
895,896,Amanda,Anderson,Nevada,Female,19.0,4.0,4.0,Yes
896,897,Kathleen,Lane,Indiana,Female,19.0,4.0,24.0,Yes
897,898,Andrew,Murphy,Minnesota,Male,16.0,2.0,,Yes
898,899,Andrea,Nichols,Maryland,Female,17.0,2.0,7.0,No
899,900,Louis,Sims,Virginia,Male,,,10.0,Yes
900,901,Jennifer,Nguyen,Kansas,female,,3.0,6.0,No
901,902,Amy,Bennett,Nebraska,Female,15.0,,6.0,Yes
902,903,Christina,Hall,Florida,Female,18.0,2.0,14.0,No
903,904,Emily,Griffin,Louisiana,Female,15.0,3.0,,Yes
904,905,Dennis,Stephens,Pennsylvania,Male,17.0,3.0,25.0,No
905,906,Harry,Wells,Pennsylvania,Male,17.0,,20.0,Yes
906,907,Michael,Grant,,Male,17.0,2.0,27.0,No
907,908,Benjamin,Nguyen,Ohio,Male,19.0,4.0,,Yes
908,909,Ruth,Ortiz,Pennsylvania,Female,17.0,2.0,8.0,No
909,910,Diane,Austin,,female,,2.0,22.0,No
910,911,Sarah,Perry,California,Female,,,7.0,Yes
911,912,Patrick,Richards,Minnesota,Male,19.0,3.0,,Yes
912,913,Melissa,Daniels,Indiana,Female,,2.0,24.0,No
913,914,Kimberly,Gardner,Virginia,Female,18.0,4.0,,Yes
914,915,Larry,Smith,Maryland,male,16.0,3.0,15.0,No
915,916,Debra,Warren,Texas,Female,15.0,4.0,31.0,Yes
916,917,Beverly,Tucker,Oklahoma,female,19.0,,19.0,Yes
917,918,Gary,Fernandez,Maryland,Male,19.0,,5.0,Yes
918,919,Ralph,Perry,Texas,male,15.0,4.0,9.0,Yes
919,920,Patricia,Ellis,Florida,female,,4.0,31.0,Yes
920,921,Kathy,Fernandez,New York,Female,,2.0,21.0,No
921,922,Rebecca,Duncan,California,female,,3.0,31.0,No
922,923,Angela,Arnold,New Jersey,female,15.0,4.0,11.0,Yes
923,924,Tina,Lopez,Indiana,Female,18.0,3.0,2.0,Yes
924,925,Diane,Griffin,New York,Female,16.0,2.0,16.0,No
925,926,Raymond,Hunt,,Male,15.0,2.0,,Yes
926,927,Shirley,Kelly,California,Female,15.0,3.0,27.0,No
927,928,Ashley,Ramirez,Texas,Female,15.0,3.0,29.0,No
928,929,Alan,Davis,Wisconsin,Male,17.0,,,Yes
929,930,Cheryl,Spencer,Michigan,Female,,2.0,,Yes
930,931,Sandra,Hunter,New Mexico,Female,,,10.0,Yes
931,932,Barbara,Parker,,Female,,2.0,13.0,No
932,933,Kimberly,Lynch,Texas,Female,18.0,3.0,7.0,No
933,934,Edward,Meyer,Virginia,Male,19.0,2.0,28.0,No
934,935,Anna,Stone,Texas,female,18.0,4.0,17.0,Yes
935,936,Roger,Thompson,Virginia,male,18.0,2.0,,Yes
936,937,Gary,Marshall,Minnesota,Male,18.0,4.0,8.0,Yes
937,938,Anthony,Ray,New York,Male,18.0,4.0,4.0,Yes
938,939,Ruby,Castillo,California,Female,19.0,3.0,11.0,No
939,940,Kenneth,Evans,Indiana,Male,15.0,4.0,24.0,Yes
940,941,Nancy,Peters,,Female,,,6.0,Yes
941,942,Andrea,Sanchez,Florida,Female,,,,Yes
942,943,Joan,Fox,Virginia,Female,15.0,2.0,,Yes
943,944,Denise,Holmes,District of Columbia,Female,17.0,2.0,7.0,No
944,945,Todd,Pierce,Missouri,male,19.0,,4.0,Yes
945,946,Dennis,Lopez,Georgia,Male,,,,Yes
946,947,Randy,Myers,Delaware,Male,,,17.0,Yes
947,948,Maria,Marshall,Georgia,female,18.0,4.0,22.0,Yes
948,949,Susan,Gonzales,California,Female,19.0,3.0,,Yes
949,950,Diane,Fox,Nebraska,Female,,2.0,28.0,No
950,951,Billy,Gonzales,South Dakota,Male,16.0,3.0,27.0,No
951,952,Jean,Carr,North Dakota,Female,16.0,2.0,31.0,No
952,953,Jerry,Hanson,Texas,Male,18.0,2.0,,Yes
953,954,Tammy,Parker,Connecticut,Female,19.0,,33.0,Yes
954,955,Kathleen,Grant,Louisiana,Female,15.0,2.0,2.0,Yes
955,956,Anthony,Sanders,,Male,17.0,4.0,10.0,Yes
956,957,Justin,Lawrence,Florida,male,,3.0,13.0,No
957,958,Jacqueline,Day,Illinois,Female,18.0,,,Yes
958,959,Wayne,Sanchez,Texas,Male,18.0,4.0,12.0,Yes
959,960,Jerry,Washington,Nevada,Male,,3.0,30.0,No
960,961,Louise,Brooks,Utah,Female,,3.0,26.0,No
961,962,Dennis,Schmidt,New York,Male,16.0,2.0,2.0,Yes
962,963,Teresa,Olson,Florida,Female,15.0,4.0,7.0,Yes
963,964,Arthur,Hill,,Male,17.0,3.0,8.0,No
964,965,Craig,Rose,,Male,,,10.0,Yes
965,966,Rachel,Hawkins,Minnesota,Female,,3.0,20.0,No
966,967,Edward,Warren,Florida,Male,19.0,3.0,15.0,No
967,968,Teresa,Fisher,North Carolina,female,,4.0,,Yes
968,969,Jean,Gonzales,New York,female,,3.0,4.0,No
969,970,Susan,Nguyen,,Female,18.0,,16.0,Yes
970,971,Michelle,Greene,Oklahoma,Female,,4.0,8.0,Yes
971,972,Christopher,Stanley,Colorado,Male,16.0,2.0,29.0,No
972,973,Jeffrey,Mason,Georgia,Male,,4.0,,Yes
973,974,Phyllis,Smith,,female,,4.0,22.0,Yes
974,975,Jessica,Montgomery,Michigan,Female,18.0,3.0,18.0,No
975,976,Jessica,Wheeler,California,Female,,2.0,,Yes
976,977,Carl,Bryant,Ohio,male,17.0,2.0,29.0,No
977,978,Wanda,Rivera,New York,Female,18.0,4.0,16.0,Yes
978,979,Betty,Reid,Delaware,female,15.0,3.0,3.0,Yes
979,980,Ruby,Diaz,Ohio,Female,15.0,4.0,30.0,Yes
980,981,Thomas,Myers,Texas,Male,15.0,3.0,2.0,Yes
981,982,Jane,Sims,Texas,Female,19.0,2.0,25.0,No
982,983,Laura,Nelson,,Female,17.0,2.0,,Yes
983,984,Jessica,Gonzales,Nevada,Female,17.0,3.0,15.0,No
984,985,Ralph,Freeman,California,Male,18.0,3.0,31.0,No
985,986,Jose,Jordan,Connecticut,Male,,4.0,20.0,Yes
986,987,Andrea,Banks,California,Female,19.0,2.0,11.0,No
987,988,Gloria,Ross,Missouri,female,,4.0,,Yes
988,989,Harry,Carr,Nebraska,male,16.0,,34.0,Yes
989,990,Anthony,Sanders,District of Columbia,male,15.0,4.0,2.0,Yes
990,991,Ruby,King,California,Female,18.0,4.0,14.0,Yes
991,992,Deborah,King,New York,Female,19.0,4.0,31.0,Yes
992,993,Arthur,Green,Oklahoma,Male,,4.0,20.0,Yes
993,994,Earl,Weaver,Ohio,Male,19.0,2.0,26.0,No
994,995,Ralph,Lopez,District of Columbia,male,16.0,4.0,,Yes
995,996,Frank,Stone,Louisiana,Male,16.0,4.0,25.0,Yes
996,997,Shirley,Garrett,Minnesota,Female,15.0,4.0,,Yes
997,998,Jane,Rodriguez,Ohio,female,17.0,,20.0,Yes
998,999,Robin,George,California,Female,19.0,,,Yes
999,1000,Martin,Fowler,Texas,Male,18.0,3.0,19.0,No
